nutrient,sex,age,year,Reg_Prov,x,y
Vitamin D,Male,1-3 years,2004,Canada excluding territories,-2.0571993115605,7.19629668794929E-05
Vitamin D,Male,1-3 years,2004,Canada excluding territories,-2.01716643185205,8.13205618716244E-05
Vitamin D,Male,1-3 years,2004,Canada excluding territories,-1.9771335521436,9.16865877674787E-05
Vitamin D,Male,1-3 years,2004,Canada excluding territories,-1.93710067243515,0.000103015041081
Vitamin D,Male,1-3 years,2004,Canada excluding territories,-1.8970677927267,0.000115714772957
Vitamin D,Male,1-3 years,2004,Canada excluding territories,-1.85703491301826,0.000130074247136
Vitamin D,Male,1-3 years,2004,Canada excluding territories,-1.81700203330981,0.000145734859645
Vitamin D,Male,1-3 years,2004,Canada excluding territories,-1.77696915360136,0.00016278629029
Vitamin D,Male,1-3 years,2004,Canada excluding territories,-1.73693627389291,0.000182422275224
Vitamin D,Male,1-3 years,2004,Canada excluding territories,-1.69690339418446,0.000203788679114
Vitamin D,Male,1-3 years,2004,Canada excluding territories,-1.65687051447601,0.000226948814625
Vitamin D,Male,1-3 years,2004,Canada excluding territories,-1.61683763476756,0.000252951410474
Vitamin D,Male,1-3 years,2004,Canada excluding territories,-1.57680475505911,0.000281727934978
Vitamin D,Male,1-3 years,2004,Canada excluding territories,-1.53677187535067,0.000312851956575
Vitamin D,Male,1-3 years,2004,Canada excluding territories,-1.49673899564222,0.000346848070101
Vitamin D,Male,1-3 years,2004,Canada excluding territories,-1.45670611593377,0.000385114826888
Vitamin D,Male,1-3 years,2004,Canada excluding territories,-1.41667323622532,0.000426404105768
Vitamin D,Male,1-3 years,2004,Canada excluding territories,-1.37664035651687,0.000470810076679
Vitamin D,Male,1-3 years,2004,Canada excluding territories,-1.33660747680842,0.000520639120204
Vitamin D,Male,1-3 years,2004,Canada excluding territories,-1.29657459709997,0.000574722824039
Vitamin D,Male,1-3 years,2004,Canada excluding territories,-1.25654171739153,0.000632753921725
Vitamin D,Male,1-3 years,2004,Canada excluding territories,-1.21650883768308,0.000696216903957
Vitamin D,Male,1-3 years,2004,Canada excluding territories,-1.17647595797463,0.00076618137455
Vitamin D,Male,1-3 years,2004,Canada excluding territories,-1.13644307826618,0.000841065020173
Vitamin D,Male,1-3 years,2004,Canada excluding territories,-1.09641019855773,0.000921060855387
Vitamin D,Male,1-3 years,2004,Canada excluding territories,-1.05637731884928,0.001010465619447
Vitamin D,Male,1-3 years,2004,Canada excluding territories,-1.01634443914083,0.001105903929647
Vitamin D,Male,1-3 years,2004,Canada excluding territories,-0.976311559432386,0.00120752900145
Vitamin D,Male,1-3 years,2004,Canada excluding territories,-0.936278679723938,0.001318587222521
Vitamin D,Male,1-3 years,2004,Canada excluding territories,-0.896245800015489,0.001438748958994
Vitamin D,Male,1-3 years,2004,Canada excluding territories,-0.85621292030704,0.001566370919005
Vitamin D,Male,1-3 years,2004,Canada excluding territories,-0.816180040598592,0.00170284259916
Vitamin D,Male,1-3 years,2004,Canada excluding territories,-0.776147160890143,0.001852332654132
Vitamin D,Male,1-3 years,2004,Canada excluding territories,-0.736114281181695,0.002010677301626
Vitamin D,Male,1-3 years,2004,Canada excluding territories,-0.696081401473246,0.002178059734537
Vitamin D,Male,1-3 years,2004,Canada excluding territories,-0.656048521764797,0.002360512233154
Vitamin D,Male,1-3 years,2004,Canada excluding territories,-0.616015642056349,0.002554662578241
Vitamin D,Male,1-3 years,2004,Canada excluding territories,-0.5759827623479,0.002759355638251
Vitamin D,Male,1-3 years,2004,Canada excluding territories,-0.535949882639452,0.002978068774642
Vitamin D,Male,1-3 years,2004,Canada excluding territories,-0.495917002931003,0.003213373838161
Vitamin D,Male,1-3 years,2004,Canada excluding territories,-0.455884123222554,0.003460784713566
Vitamin D,Male,1-3 years,2004,Canada excluding territories,-0.415851243514106,0.003720500060218
Vitamin D,Male,1-3 years,2004,Canada excluding territories,-0.375818363805657,0.004002391325547
Vitamin D,Male,1-3 years,2004,Canada excluding territories,-0.335785484097209,0.004298033995715
Vitamin D,Male,1-3 years,2004,Canada excluding territories,-0.29575260438876,0.004607558511788
Vitamin D,Male,1-3 years,2004,Canada excluding territories,-0.255719724680312,0.004937462431536
Vitamin D,Male,1-3 years,2004,Canada excluding territories,-0.215686844971863,0.005286810009853
Vitamin D,Male,1-3 years,2004,Canada excluding territories,-0.175653965263414,0.005651574132523
Vitamin D,Male,1-3 years,2004,Canada excluding territories,-0.135621085554966,0.006034079598201
Vitamin D,Male,1-3 years,2004,Canada excluding territories,-0.095588205846517,0.006442399603169
Vitamin D,Male,1-3 years,2004,Canada excluding territories,-0.055555326138069,0.006867574211059
Vitamin D,Male,1-3 years,2004,Canada excluding territories,-0.01552244642962,0.007309773971045
Vitamin D,Male,1-3 years,2004,Canada excluding territories,0.024510433278829,0.007779196900931
Vitamin D,Male,1-3 years,2004,Canada excluding territories,0.064543312987277,0.008269516864938
Vitamin D,Male,1-3 years,2004,Canada excluding territories,0.104576192695726,0.008778115868646
Vitamin D,Male,1-3 years,2004,Canada excluding territories,0.144609072404174,0.009310217217588
Vitamin D,Male,1-3 years,2004,Canada excluding territories,0.184641952112623,0.009869805920048
Vitamin D,Male,1-3 years,2004,Canada excluding territories,0.224674831821072,0.010448711012864
Vitamin D,Male,1-3 years,2004,Canada excluding territories,0.26470771152952,0.011047049307926
Vitamin D,Male,1-3 years,2004,Canada excluding territories,0.304740591237969,0.011678825118813
Vitamin D,Male,1-3 years,2004,Canada excluding territories,0.344773470946417,0.012331118055484
Vitamin D,Male,1-3 years,2004,Canada excluding territories,0.384806350654866,0.013003568118481
Vitamin D,Male,1-3 years,2004,Canada excluding territories,0.424839230363315,0.013704515636354
Vitamin D,Male,1-3 years,2004,Canada excluding territories,0.464872110071763,0.014432314505312
Vitamin D,Male,1-3 years,2004,Canada excluding territories,0.504904989780212,0.015180682879203
Vitamin D,Male,1-3 years,2004,Canada excluding territories,0.54493786948866,0.01595201916059
Vitamin D,Male,1-3 years,2004,Canada excluding territories,0.584970749197109,0.016756369050947
Vitamin D,Male,1-3 years,2004,Canada excluding territories,0.625003628905557,0.017581362063189
Vitamin D,Male,1-3 years,2004,Canada excluding territories,0.665036508614006,0.018426980063819
Vitamin D,Male,1-3 years,2004,Canada excluding territories,0.705069388322455,0.019304204000398
Vitamin D,Male,1-3 years,2004,Canada excluding territories,0.745102268030903,0.020205365706656
Vitamin D,Male,1-3 years,2004,Canada excluding territories,0.785135147739352,0.021126812441797
Vitamin D,Male,1-3 years,2004,Canada excluding territories,0.8251680274478,0.022073459396986
Vitamin D,Male,1-3 years,2004,Canada excluding territories,0.865200907156249,0.023049148781535
Vitamin D,Male,1-3 years,2004,Canada excluding territories,0.905233786864698,0.024044428932207
Vitamin D,Male,1-3 years,2004,Canada excluding territories,0.945266666573146,0.025059192220848
Vitamin D,Male,1-3 years,2004,Canada excluding territories,0.985299546281595,0.0261058717695
Vitamin D,Male,1-3 years,2004,Canada excluding territories,1.02533242599004,0.027171834935031
Vitamin D,Male,1-3 years,2004,Canada excluding territories,1.06536530569849,0.028256191090016
Vitamin D,Male,1-3 years,2004,Canada excluding territories,1.10539818540694,0.029365514705878
Vitamin D,Male,1-3 years,2004,Canada excluding territories,1.14543106511539,0.030497920701204
Vitamin D,Male,1-3 years,2004,Canada excluding territories,1.18546394482384,0.031647319272317
Vitamin D,Male,1-3 years,2004,Canada excluding territories,1.22549682453229,0.032815085038065
Vitamin D,Male,1-3 years,2004,Canada excluding territories,1.26552970424073,0.034008700387699
Vitamin D,Male,1-3 years,2004,Canada excluding territories,1.30556258394918,0.035217633234627
Vitamin D,Male,1-3 years,2004,Canada excluding territories,1.34559546365763,0.036441653253783
Vitamin D,Male,1-3 years,2004,Canada excluding territories,1.38562834336608,0.037687624022358
Vitamin D,Male,1-3 years,2004,Canada excluding territories,1.42566122307453,0.03894975305356
Vitamin D,Male,1-3 years,2004,Canada excluding territories,1.46569410278298,0.04022502815777
Vitamin D,Male,1-3 years,2004,Canada excluding territories,1.50572698249143,0.041515943637155
Vitamin D,Male,1-3 years,2004,Canada excluding territories,1.54575986219988,0.042824243579202
Vitamin D,Male,1-3 years,2004,Canada excluding territories,1.58579274190832,0.044143571441931
Vitamin D,Male,1-3 years,2004,Canada excluding territories,1.62582562161677,0.045473651741233
Vitamin D,Male,1-3 years,2004,Canada excluding territories,1.66585850132522,0.046820022518589
Vitamin D,Male,1-3 years,2004,Canada excluding territories,1.70589138103367,0.048175711526538
Vitamin D,Male,1-3 years,2004,Canada excluding territories,1.74592426074212,0.04953988853798
Vitamin D,Male,1-3 years,2004,Canada excluding territories,1.78595714045057,0.050914776628045
Vitamin D,Male,1-3 years,2004,Canada excluding territories,1.82599002015902,0.052298795969069
Vitamin D,Male,1-3 years,2004,Canada excluding territories,1.86602289986746,0.05368896467387
Vitamin D,Male,1-3 years,2004,Canada excluding territories,1.90605577957591,0.055085369469469
Vitamin D,Male,1-3 years,2004,Canada excluding territories,1.94608865928436,0.056489492503305
Vitamin D,Male,1-3 years,2004,Canada excluding territories,1.98612153899281,0.057897394823431
Vitamin D,Male,1-3 years,2004,Canada excluding territories,2.02615441870126,0.059308778020219
Vitamin D,Male,1-3 years,2004,Canada excluding territories,2.06618729840971,0.060724164088357
Vitamin D,Male,1-3 years,2004,Canada excluding territories,2.10622017811816,0.062141517244224
Vitamin D,Male,1-3 years,2004,Canada excluding territories,2.1462530578266,0.063559993869289
Vitamin D,Male,1-3 years,2004,Canada excluding territories,2.18628593753505,0.064979209444926
Vitamin D,Male,1-3 years,2004,Canada excluding territories,2.2263188172435,0.066397820111297
Vitamin D,Male,1-3 years,2004,Canada excluding territories,2.26635169695195,0.067815243818716
Vitamin D,Male,1-3 years,2004,Canada excluding territories,2.3063845766604,0.06923119387591
Vitamin D,Male,1-3 years,2004,Canada excluding territories,2.34641745636885,0.070643227231633
Vitamin D,Male,1-3 years,2004,Canada excluding territories,2.3864503360773,0.07205166769218
Vitamin D,Male,1-3 years,2004,Canada excluding territories,2.42648321578574,0.073456413836396
Vitamin D,Male,1-3 years,2004,Canada excluding territories,2.46651609549419,0.0748553421861
Vitamin D,Male,1-3 years,2004,Canada excluding territories,2.50654897520264,0.07624716382792
Vitamin D,Male,1-3 years,2004,Canada excluding territories,2.54658185491109,0.077633171929069
Vitamin D,Male,1-3 years,2004,Canada excluding territories,2.58661473461954,0.079012652160521
Vitamin D,Male,1-3 years,2004,Canada excluding territories,2.62664761432799,0.080380578658442
Vitamin D,Male,1-3 years,2004,Canada excluding territories,2.66668049403644,0.081740691271041
Vitamin D,Male,1-3 years,2004,Canada excluding territories,2.70671337374488,0.083092749224248
Vitamin D,Male,1-3 years,2004,Canada excluding territories,2.74674625345333,0.084431860070313
Vitamin D,Male,1-3 years,2004,Canada excluding territories,2.78677913316178,0.085759344107109
Vitamin D,Male,1-3 years,2004,Canada excluding territories,2.82681201287023,0.087076929155424
Vitamin D,Male,1-3 years,2004,Canada excluding territories,2.86684489257868,0.088382178390146
Vitamin D,Male,1-3 years,2004,Canada excluding territories,2.90687777228713,0.089670761840802
Vitamin D,Male,1-3 years,2004,Canada excluding territories,2.94691065199558,0.090947746211714
Vitamin D,Male,1-3 years,2004,Canada excluding territories,2.98694353170402,0.092212927214785
Vitamin D,Male,1-3 years,2004,Canada excluding territories,3.02697641141247,0.093457918172301
Vitamin D,Male,1-3 years,2004,Canada excluding territories,3.06700929112092,0.094688669140276
Vitamin D,Male,1-3 years,2004,Canada excluding territories,3.10704217082937,0.095906093475519
Vitamin D,Male,1-3 years,2004,Canada excluding territories,3.14707505053782,0.09710518903475
Vitamin D,Male,1-3 years,2004,Canada excluding territories,3.18710793024627,0.09828458563512
Vitamin D,Male,1-3 years,2004,Canada excluding territories,3.22714080995472,0.09944928825231
Vitamin D,Male,1-3 years,2004,Canada excluding territories,3.26717368966316,0.100598392572528
Vitamin D,Male,1-3 years,2004,Canada excluding territories,3.30720656937161,0.101721835659002
Vitamin D,Male,1-3 years,2004,Canada excluding territories,3.34723944908006,0.102829375242655
Vitamin D,Male,1-3 years,2004,Canada excluding territories,3.38727232878851,0.103920872875255
Vitamin D,Male,1-3 years,2004,Canada excluding territories,3.42730520849696,0.104988228436319
Vitamin D,Male,1-3 years,2004,Canada excluding territories,3.46733808820541,0.106034689999946
Vitamin D,Male,1-3 years,2004,Canada excluding territories,3.50737096791386,0.107064084510965
Vitamin D,Male,1-3 years,2004,Canada excluding territories,3.5474038476223,0.10807304518336
Vitamin D,Male,1-3 years,2004,Canada excluding territories,3.58743672733075,0.109055037827407
Vitamin D,Male,1-3 years,2004,Canada excluding territories,3.6274696070392,0.110019094610153
Vitamin D,Male,1-3 years,2004,Canada excluding territories,3.66750248674765,0.110965116604085
Vitamin D,Male,1-3 years,2004,Canada excluding territories,3.7075353664561,0.11188167960677
Vitamin D,Male,1-3 years,2004,Canada excluding territories,3.74756824616455,0.112777678710664
Vitamin D,Male,1-3 years,2004,Canada excluding territories,3.787601125873,0.113654952917663
Vitamin D,Male,1-3 years,2004,Canada excluding territories,3.82763400558144,0.114507306809153
Vitamin D,Male,1-3 years,2004,Canada excluding territories,3.86766688528989,0.115333031374246
Vitamin D,Male,1-3 years,2004,Canada excluding territories,3.90769976499834,0.116139489315517
Vitamin D,Male,1-3 years,2004,Canada excluding territories,3.94773264470679,0.116926006745106
Vitamin D,Male,1-3 years,2004,Canada excluding territories,3.98776552441524,0.11767972807377
Vitamin D,Male,1-3 years,2004,Canada excluding territories,4.02779840412369,0.118413784117743
Vitamin D,Male,1-3 years,2004,Canada excluding territories,4.06783128383214,0.119128137090216
Vitamin D,Male,1-3 years,2004,Canada excluding territories,4.10786416354058,0.11981367862115
Vitamin D,Male,1-3 years,2004,Canada excluding territories,4.14789704324903,0.120474211141771
Vitamin D,Male,1-3 years,2004,Canada excluding territories,4.18792992295748,0.121114800838799
Vitamin D,Male,1-3 years,2004,Canada excluding territories,4.22796280266593,0.121732073073647
Vitamin D,Male,1-3 years,2004,Canada excluding territories,4.26799568237438,0.12231840307578
Vitamin D,Male,1-3 years,2004,Canada excluding territories,4.30802856208283,0.122884678856486
Vitamin D,Male,1-3 years,2004,Canada excluding territories,4.34806144179128,0.123430894998846
Vitamin D,Male,1-3 years,2004,Canada excluding territories,4.38809432149973,0.123945188726005
Vitamin D,Male,1-3 years,2004,Canada excluding territories,4.42812720120817,0.124437011331421
Vitamin D,Male,1-3 years,2004,Canada excluding territories,4.46816008091662,0.12490880281459
Vitamin D,Male,1-3 years,2004,Canada excluding territories,4.50819296062507,0.125354525268618
Vitamin D,Male,1-3 years,2004,Canada excluding territories,4.54822584033352,0.125772141169786
Vitamin D,Male,1-3 years,2004,Canada excluding territories,4.58825872004197,0.126169865203074
Vitamin D,Male,1-3 years,2004,Canada excluding territories,4.62829159975042,0.126547426728115
Vitamin D,Male,1-3 years,2004,Canada excluding territories,4.66832447945886,0.126891441403815
Vitamin D,Male,1-3 years,2004,Canada excluding territories,4.70835735916731,0.127215805697509
Vitamin D,Male,1-3 years,2004,Canada excluding territories,4.74839023887576,0.12752055878904
Vitamin D,Male,1-3 years,2004,Canada excluding territories,4.78842311858421,0.127797240567501
Vitamin D,Male,1-3 years,2004,Canada excluding territories,4.82845599829266,0.128049275918227
Vitamin D,Male,1-3 years,2004,Canada excluding territories,4.86848887800111,0.128282049751621
Vitamin D,Male,1-3 years,2004,Canada excluding territories,4.90852175770956,0.128492747239278
Vitamin D,Male,1-3 years,2004,Canada excluding territories,4.94855463741801,0.128673780079291
Vitamin D,Male,1-3 years,2004,Canada excluding territories,4.98858751712645,0.128835984444564
Vitamin D,Male,1-3 years,2004,Canada excluding territories,5.0286203968349,0.128979420444728
Vitamin D,Male,1-3 years,2004,Canada excluding territories,5.06865327654335,0.129093600003367
Vitamin D,Male,1-3 years,2004,Canada excluding territories,5.1086861562518,0.129186904748968
Vitamin D,Male,1-3 years,2004,Canada excluding territories,5.14871903596025,0.129261960730379
Vitamin D,Male,1-3 years,2004,Canada excluding territories,5.1887519156687,0.129313721260493
Vitamin D,Male,1-3 years,2004,Canada excluding territories,5.22878479537715,0.12934002975517
Vitamin D,Male,1-3 years,2004,Canada excluding territories,5.26881767508559,0.129348674161353
Vitamin D,Male,1-3 years,2004,Canada excluding territories,5.30885055479404,0.129339731280507
Vitamin D,Male,1-3 years,2004,Canada excluding territories,5.34888343450249,0.129301183740217
Vitamin D,Male,1-3 years,2004,Canada excluding territories,5.38891631421094,0.129245584399286
Vitamin D,Male,1-3 years,2004,Canada excluding territories,5.42894919391939,0.129173048194746
Vitamin D,Male,1-3 years,2004,Canada excluding territories,5.46898207362784,0.12907672519244
Vitamin D,Male,1-3 years,2004,Canada excluding territories,5.50901495333629,0.128959223637612
Vitamin D,Male,1-3 years,2004,Canada excluding territories,5.54904783304473,0.128825482996632
Vitamin D,Male,1-3 years,2004,Canada excluding territories,5.58908071275318,0.128673476287901
Vitamin D,Male,1-3 years,2004,Canada excluding territories,5.62911359246163,0.128496562057905
Vitamin D,Male,1-3 years,2004,Canada excluding territories,5.66914647217008,0.1283041457805
Vitamin D,Male,1-3 years,2004,Canada excluding territories,5.70917935187853,0.128096322724178
Vitamin D,Male,1-3 years,2004,Canada excluding territories,5.74921223158698,0.127864936718078
Vitamin D,Male,1-3 years,2004,Canada excluding territories,5.78924511129543,0.127616487377008
Vitamin D,Male,1-3 years,2004,Canada excluding territories,5.82927799100387,0.127353403529571
Vitamin D,Male,1-3 years,2004,Canada excluding territories,5.86931087071232,0.12707197926216
Vitamin D,Male,1-3 years,2004,Canada excluding territories,5.90934375042077,0.12677022654101
Vitamin D,Male,1-3 years,2004,Canada excluding territories,5.94937663012922,0.126454632485064
Vitamin D,Male,1-3 years,2004,Canada excluding territories,5.98940950983767,0.126125297823278
Vitamin D,Male,1-3 years,2004,Canada excluding territories,6.02944238954612,0.125773275761704
Vitamin D,Male,1-3 years,2004,Canada excluding territories,6.06947526925457,0.125407973504281
Vitamin D,Male,1-3 years,2004,Canada excluding territories,6.10950814896301,0.125029737357969
Vitamin D,Male,1-3 years,2004,Canada excluding territories,6.14954102867146,0.124633666268693
Vitamin D,Male,1-3 years,2004,Canada excluding territories,6.18957390837991,0.124221481989718
Vitamin D,Male,1-3 years,2004,Canada excluding territories,6.22960678808836,0.123797172733131
Vitamin D,Male,1-3 years,2004,Canada excluding territories,6.26963966779681,0.12335947353277
Vitamin D,Male,1-3 years,2004,Canada excluding territories,6.30967254750526,0.122903230997641
Vitamin D,Male,1-3 years,2004,Canada excluding territories,6.34970542721371,0.122435666551766
Vitamin D,Male,1-3 years,2004,Canada excluding territories,6.38973830692215,0.121956880405098
Vitamin D,Male,1-3 years,2004,Canada excluding territories,6.4297711866306,0.121461240837835
Vitamin D,Male,1-3 years,2004,Canada excluding territories,6.46980406633905,0.120953204417804
Vitamin D,Male,1-3 years,2004,Canada excluding territories,6.5098369460475,0.120434733257095
Vitamin D,Male,1-3 years,2004,Canada excluding territories,6.54986982575595,0.119903414887176
Vitamin D,Male,1-3 years,2004,Canada excluding territories,6.5899027054644,0.119357633805865
Vitamin D,Male,1-3 years,2004,Canada excluding territories,6.62993558517285,0.118802184630504
Vitamin D,Male,1-3 years,2004,Canada excluding territories,6.66996846488129,0.118237162539743
Vitamin D,Male,1-3 years,2004,Canada excluding territories,6.71000134458974,0.117656613282278
Vitamin D,Male,1-3 years,2004,Canada excluding territories,6.75003422429819,0.117066815897566
Vitamin D,Male,1-3 years,2004,Canada excluding territories,6.79006710400664,0.116468183237834
Vitamin D,Male,1-3 years,2004,Canada excluding territories,6.83009998371509,0.11585757483229
Vitamin D,Male,1-3 years,2004,Canada excluding territories,6.87013286342354,0.115235971819693
Vitamin D,Male,1-3 years,2004,Canada excluding territories,6.91016574313199,0.114606243938071
Vitamin D,Male,1-3 years,2004,Canada excluding territories,6.95019862284043,0.113967701403278
Vitamin D,Male,1-3 years,2004,Canada excluding territories,6.99023150254888,0.113316744060775
Vitamin D,Male,1-3 years,2004,Canada excluding territories,7.03026438225733,0.112658345008682
Vitamin D,Male,1-3 years,2004,Canada excluding territories,7.07029726196578,0.111992588188211
Vitamin D,Male,1-3 years,2004,Canada excluding territories,7.11033014167423,0.111315971146917
Vitamin D,Male,1-3 years,2004,Canada excluding territories,7.15036302138268,0.110631237599726
Vitamin D,Male,1-3 years,2004,Canada excluding territories,7.19039590109113,0.109939800240172
Vitamin D,Male,1-3 years,2004,Canada excluding territories,7.23042878079958,0.109240254253379
Vitamin D,Male,1-3 years,2004,Canada excluding territories,7.27046166050802,0.108531444851385
Vitamin D,Male,1-3 years,2004,Canada excluding territories,7.31049454021647,0.107816564689462
Vitamin D,Male,1-3 years,2004,Canada excluding territories,7.35052741992492,0.107095692405519
Vitamin D,Male,1-3 years,2004,Canada excluding territories,7.39056029963337,0.106365295879917
Vitamin D,Male,1-3 years,2004,Canada excluding territories,7.43059317934182,0.105629151259154
Vitamin D,Male,1-3 years,2004,Canada excluding territories,7.47062605905027,0.104887629527007
Vitamin D,Male,1-3 years,2004,Canada excluding territories,7.51065893875872,0.104138968897348
Vitamin D,Male,1-3 years,2004,Canada excluding territories,7.55069181846716,0.103383695840443
Vitamin D,Male,1-3 years,2004,Canada excluding territories,7.59072469817561,0.102623651327737
Vitamin D,Male,1-3 years,2004,Canada excluding territories,7.63075757788406,0.101858538953955
Vitamin D,Male,1-3 years,2004,Canada excluding territories,7.67079045759251,0.101086248687227
Vitamin D,Male,1-3 years,2004,Canada excluding territories,7.71082333730096,0.100309788532062
Vitamin D,Male,1-3 years,2004,Canada excluding territories,7.75085621700941,0.099529234192522
Vitamin D,Male,1-3 years,2004,Canada excluding territories,7.79088909671786,0.098742820395669
Vitamin D,Male,1-3 years,2004,Canada excluding territories,7.8309219764263,0.097952047451358
Vitamin D,Male,1-3 years,2004,Canada excluding territories,7.87095485613475,0.097157782678747
Vitamin D,Male,1-3 years,2004,Canada excluding territories,7.9109877358432,0.096359420883017
Vitamin D,Male,1-3 years,2004,Canada excluding territories,7.95102061555165,0.095556445292785
Vitamin D,Male,1-3 years,2004,Canada excluding territories,7.9910534952601,0.094750583949119
Vitamin D,Male,1-3 years,2004,Canada excluding territories,8.03108637496855,0.09394191344725
Vitamin D,Male,1-3 years,2004,Canada excluding territories,8.071119254677,0.093129033106222
Vitamin D,Male,1-3 years,2004,Canada excluding territories,8.11115213438544,0.092313703862415
Vitamin D,Male,1-3 years,2004,Canada excluding territories,8.15118501409389,0.091496176835605
Vitamin D,Male,1-3 years,2004,Canada excluding territories,8.19121789380234,0.090675903868061
Vitamin D,Male,1-3 years,2004,Canada excluding territories,8.23125077351079,0.089853249212294
Vitamin D,Male,1-3 years,2004,Canada excluding territories,8.27128365321924,0.089029011235284
Vitamin D,Male,1-3 years,2004,Canada excluding territories,8.31131653292769,0.088203184645191
Vitamin D,Male,1-3 years,2004,Canada excluding territories,8.35134941263614,0.087375354048301
Vitamin D,Male,1-3 years,2004,Canada excluding territories,8.39138229234458,0.086546554408817
Vitamin D,Male,1-3 years,2004,Canada excluding territories,8.43141517205303,0.085716862738094
Vitamin D,Male,1-3 years,2004,Canada excluding territories,8.47144805176148,0.084886151090681
Vitamin D,Male,1-3 years,2004,Canada excluding territories,8.51148093146993,0.084054929165728
Vitamin D,Male,1-3 years,2004,Canada excluding territories,8.55151381117838,0.083223422980558
Vitamin D,Male,1-3 years,2004,Canada excluding territories,8.59154669088683,0.08239173060644
Vitamin D,Male,1-3 years,2004,Canada excluding territories,8.63157957059528,0.08156019842672
Vitamin D,Male,1-3 years,2004,Canada excluding territories,8.67161245030372,0.080728977697144
Vitamin D,Male,1-3 years,2004,Canada excluding territories,8.71164533001217,0.07989814234711
Vitamin D,Male,1-3 years,2004,Canada excluding territories,8.75167820972062,0.079068312662742
Vitamin D,Male,1-3 years,2004,Canada excluding territories,8.79171108942907,0.078239423848461
Vitamin D,Male,1-3 years,2004,Canada excluding territories,8.83174396913752,0.077411493865238
Vitamin D,Male,1-3 years,2004,Canada excluding territories,8.87177684884597,0.076585053955166
Vitamin D,Male,1-3 years,2004,Canada excluding territories,8.91180972855441,0.075760469676715
Vitamin D,Male,1-3 years,2004,Canada excluding territories,8.95184260826287,0.074937391778654
Vitamin D,Male,1-3 years,2004,Canada excluding territories,8.99187548797131,0.074115980986861
Vitamin D,Male,1-3 years,2004,Canada excluding territories,9.03190836767976,0.073297581079013
Vitamin D,Male,1-3 years,2004,Canada excluding territories,9.07194124738821,0.072481203780603
Vitamin D,Male,1-3 years,2004,Canada excluding territories,9.11197412709666,0.071666911045064
Vitamin D,Male,1-3 years,2004,Canada excluding territories,9.15200700680511,0.070855934157461
Vitamin D,Male,1-3 years,2004,Canada excluding territories,9.19203988651356,0.07004799260361
Vitamin D,Male,1-3 years,2004,Canada excluding territories,9.232072766222,0.069242609809207
Vitamin D,Male,1-3 years,2004,Canada excluding territories,9.27210564593045,0.068440376800477
Vitamin D,Male,1-3 years,2004,Canada excluding territories,9.3121385256389,0.067642481449734
Vitamin D,Male,1-3 years,2004,Canada excluding territories,9.35217140534735,0.066847580021553
Vitamin D,Male,1-3 years,2004,Canada excluding territories,9.3922042850558,0.066055724602894
Vitamin D,Male,1-3 years,2004,Canada excluding territories,9.43223716476425,0.065269030604624
Vitamin D,Male,1-3 years,2004,Canada excluding territories,9.4722700444727,0.064486048857302
Vitamin D,Male,1-3 years,2004,Canada excluding territories,9.51230292418114,0.06370650112481
Vitamin D,Male,1-3 years,2004,Canada excluding territories,9.55233580388959,0.062931625418916
Vitamin D,Male,1-3 years,2004,Canada excluding territories,9.59236868359804,0.062161866854422
Vitamin D,Male,1-3 years,2004,Canada excluding territories,9.63240156330649,0.061395890022891
Vitamin D,Male,1-3 years,2004,Canada excluding territories,9.67243444301494,0.060633874760738
Vitamin D,Male,1-3 years,2004,Canada excluding territories,9.71246732272339,0.059878509817508
Vitamin D,Male,1-3 years,2004,Canada excluding territories,9.75250020243184,0.059127235168006
Vitamin D,Male,1-3 years,2004,Canada excluding territories,9.79253308214028,0.05838008628649
Vitamin D,Male,1-3 years,2004,Canada excluding territories,9.83256596184873,0.057639088561613
Vitamin D,Male,1-3 years,2004,Canada excluding territories,9.87259884155718,0.05690352042064
Vitamin D,Male,1-3 years,2004,Canada excluding territories,9.91263172126563,0.05617234319642
Vitamin D,Male,1-3 years,2004,Canada excluding territories,9.95266460097408,0.055446363942689
Vitamin D,Male,1-3 years,2004,Canada excluding territories,9.99269748068253,0.054727385923034
Vitamin D,Male,1-3 years,2004,Canada excluding territories,10.032730360391,0.054013029011859
Vitamin D,Male,1-3 years,2004,Canada excluding territories,10.0727632400994,0.053303319857571
Vitamin D,Male,1-3 years,2004,Canada excluding territories,10.1127961198079,0.05260114593884
Vitamin D,Male,1-3 years,2004,Canada excluding territories,10.1528289995163,0.051904345709638
Vitamin D,Male,1-3 years,2004,Canada excluding territories,10.1928618792248,0.051212385050819
Vitamin D,Male,1-3 years,2004,Canada excluding territories,10.2328947589332,0.050526805763979
Vitamin D,Male,1-3 years,2004,Canada excluding territories,10.2729276386417,0.049848191806826
Vitamin D,Male,1-3 years,2004,Canada excluding territories,10.3129605183501,0.0491745780118
Vitamin D,Male,1-3 years,2004,Canada excluding territories,10.3529933980586,0.048506075722269
Vitamin D,Male,1-3 years,2004,Canada excluding territories,10.393026277767,0.047846174903852
Vitamin D,Male,1-3 years,2004,Canada excluding territories,10.4330591574755,0.047191404526159
Vitamin D,Male,1-3 years,2004,Canada excluding territories,10.4730920371839,0.04654177823998
Vitamin D,Male,1-3 years,2004,Canada excluding territories,10.5131249168924,0.045899619693247
Vitamin D,Male,1-3 years,2004,Canada excluding territories,10.5531577966008,0.045264089196606
Vitamin D,Male,1-3 years,2004,Canada excluding territories,10.5931906763093,0.044633798039669
Vitamin D,Male,1-3 years,2004,Canada excluding territories,10.6332235560177,0.04400957116536
Vitamin D,Male,1-3 years,2004,Canada excluding territories,10.6732564357262,0.043393576959603
Vitamin D,Male,1-3 years,2004,Canada excluding territories,10.7132893154346,0.042782887070125
Vitamin D,Male,1-3 years,2004,Canada excluding territories,10.7533221951431,0.042177507465826
Vitamin D,Male,1-3 years,2004,Canada excluding territories,10.7933550748515,0.041580530638758
Vitamin D,Male,1-3 years,2004,Canada excluding territories,10.8333879545599,0.040989606212237
Vitamin D,Male,1-3 years,2004,Canada excluding territories,10.8734208342684,0.040404020923691
Vitamin D,Male,1-3 years,2004,Canada excluding territories,10.9134537139768,0.039825325889549
Vitamin D,Male,1-3 years,2004,Canada excluding territories,10.9534865936853,0.039254227042496
Vitamin D,Male,1-3 years,2004,Canada excluding territories,10.9935194733937,0.0386884645248
Vitamin D,Male,1-3 years,2004,Canada excluding territories,11.0335523531022,0.03812804534156
Vitamin D,Male,1-3 years,2004,Canada excluding territories,11.0735852328106,0.037576726203697
Vitamin D,Male,1-3 years,2004,Canada excluding territories,11.1136181125191,0.037030708512328
Vitamin D,Male,1-3 years,2004,Canada excluding territories,11.1536509922275,0.036489984855925
Vitamin D,Male,1-3 years,2004,Canada excluding territories,11.193683871936,0.035956781856097
Vitamin D,Male,1-3 years,2004,Canada excluding territories,11.2337167516444,0.035430324290325
Vitamin D,Male,1-3 years,2004,Canada excluding territories,11.2737496313529,0.034909088639351
Vitamin D,Male,1-3 years,2004,Canada excluding territories,11.3137825110613,0.034393774342545
Vitamin D,Male,1-3 years,2004,Canada excluding territories,11.3538153907698,0.033886587160053
Vitamin D,Male,1-3 years,2004,Canada excluding territories,11.3938482704782,0.033384518989419
Vitamin D,Male,1-3 years,2004,Canada excluding territories,11.4338811501867,0.032887554689964
Vitamin D,Male,1-3 years,2004,Canada excluding territories,11.4739140298951,0.032398485897775
Vitamin D,Male,1-3 years,2004,Canada excluding territories,11.5139469096036,0.031915166161563
Vitamin D,Male,1-3 years,2004,Canada excluding territories,11.553979789312,0.031436814224601
Vitamin D,Male,1-3 years,2004,Canada excluding territories,11.5940126690205,0.030964740664684
Vitamin D,Male,1-3 years,2004,Canada excluding territories,11.6340455487289,0.030499660608042
Vitamin D,Male,1-3 years,2004,Canada excluding territories,11.6740784284374,0.030039387593801
Vitamin D,Male,1-3 years,2004,Canada excluding territories,11.7141113081458,0.029583900173426
Vitamin D,Male,1-3 years,2004,Canada excluding territories,11.7541441878543,0.029136403819335
Vitamin D,Male,1-3 years,2004,Canada excluding territories,11.7941770675627,0.028693603628421
Vitamin D,Male,1-3 years,2004,Canada excluding territories,11.8342099472712,0.028255405438675
Vitamin D,Male,1-3 years,2004,Canada excluding territories,11.8742428269796,0.027823608930396
Vitamin D,Male,1-3 years,2004,Canada excluding territories,11.9142757066881,0.02739761991482
Vitamin D,Male,1-3 years,2004,Canada excluding territories,11.9543085863965,0.026976036322283
Vitamin D,Male,1-3 years,2004,Canada excluding territories,11.994341466105,0.02655935062765
Vitamin D,Male,1-3 years,2004,Canada excluding territories,12.0343743458134,0.026149475880417
Vitamin D,Male,1-3 years,2004,Canada excluding territories,12.0744072255219,0.025743803899099
Vitamin D,Male,1-3 years,2004,Canada excluding territories,12.1144401052303,0.02534230914625
Vitamin D,Male,1-3 years,2004,Canada excluding territories,12.1544729849388,0.02494715339143
Vitamin D,Male,1-3 years,2004,Canada excluding territories,12.1945058646472,0.024556685166852
Vitamin D,Male,1-3 years,2004,Canada excluding territories,12.2345387443556,0.024170194168054
Vitamin D,Male,1-3 years,2004,Canada excluding territories,12.2745716240641,0.023788642699221
Vitamin D,Male,1-3 years,2004,Canada excluding territories,12.3146045037725,0.023412690278563
Vitamin D,Male,1-3 years,2004,Canada excluding territories,12.354637383481,0.023040525931099
Vitamin D,Male,1-3 years,2004,Canada excluding territories,12.3946702631894,0.022672126739712
Vitamin D,Male,1-3 years,2004,Canada excluding territories,12.4347031428979,0.022309930973145
Vitamin D,Male,1-3 years,2004,Canada excluding territories,12.4747360226063,0.021951468379768
Vitamin D,Male,1-3 years,2004,Canada excluding territories,12.5147689023148,0.021596603951382
Vitamin D,Male,1-3 years,2004,Canada excluding territories,12.5548017820232,0.021246686390386
Vitamin D,Male,1-3 years,2004,Canada excluding territories,12.5948346617317,0.020901375312147
Vitamin D,Male,1-3 years,2004,Canada excluding territories,12.6348675414401,0.02055952157523
Vitamin D,Male,1-3 years,2004,Canada excluding territories,12.6749004211486,0.020221461904571
Vitamin D,Male,1-3 years,2004,Canada excluding territories,12.714933300857,0.019888845436085
Vitamin D,Male,1-3 years,2004,Canada excluding territories,12.7549661805655,0.019559576422452
Vitamin D,Male,1-3 years,2004,Canada excluding territories,12.7949990602739,0.019233643664748
Vitamin D,Male,1-3 years,2004,Canada excluding territories,12.8350319399824,0.018912763893681
Vitamin D,Male,1-3 years,2004,Canada excluding territories,12.8750648196908,0.018595762615319
Vitamin D,Male,1-3 years,2004,Canada excluding territories,12.9150976993993,0.018282026865314
Vitamin D,Male,1-3 years,2004,Canada excluding territories,12.9551305791077,0.017972325493976
Vitamin D,Male,1-3 years,2004,Canada excluding territories,12.9951634588162,0.01766738693468
Vitamin D,Male,1-3 years,2004,Canada excluding territories,13.0351963385246,0.017365675985278
Vitamin D,Male,1-3 years,2004,Canada excluding territories,13.0752292182331,0.017067189697805
Vitamin D,Male,1-3 years,2004,Canada excluding territories,13.1152620979415,0.016774060200238
Vitamin D,Male,1-3 years,2004,Canada excluding territories,13.15529497765,0.016484303451303
Vitamin D,Male,1-3 years,2004,Canada excluding territories,13.1953278573584,0.016197766263991
Vitamin D,Male,1-3 years,2004,Canada excluding territories,13.2353607370669,0.015915661898106
Vitamin D,Male,1-3 years,2004,Canada excluding territories,13.2753936167753,0.015637870610838
Vitamin D,Male,1-3 years,2004,Canada excluding territories,13.3154264964838,0.015363313124027
Vitamin D,Male,1-3 years,2004,Canada excluding territories,13.3554593761922,0.015092277044781
Vitamin D,Male,1-3 years,2004,Canada excluding territories,13.3954922559007,0.014826514534963
Vitamin D,Male,1-3 years,2004,Canada excluding territories,13.4355251356091,0.014564008169287
Vitamin D,Male,1-3 years,2004,Canada excluding territories,13.4755580153176,0.014304760553915
Vitamin D,Male,1-3 years,2004,Canada excluding territories,13.515590895026,0.014050449551107
Vitamin D,Male,1-3 years,2004,Canada excluding territories,13.5556237747345,0.013800065453085
Vitamin D,Male,1-3 years,2004,Canada excluding territories,13.5956566544429,0.013552954119086
Vitamin D,Male,1-3 years,2004,Canada excluding territories,13.6356895341513,0.013309848634098
Vitamin D,Male,1-3 years,2004,Canada excluding territories,13.6757224138598,0.013071611020187
Vitamin D,Male,1-3 years,2004,Canada excluding territories,13.7157552935682,0.012836636525049
Vitamin D,Male,1-3 years,2004,Canada excluding territories,13.7557881732767,0.012604921833552
Vitamin D,Male,1-3 years,2004,Canada excluding territories,13.7958210529851,0.012378550330758
Vitamin D,Male,1-3 years,2004,Canada excluding territories,13.8358539326936,0.012155602994521
Vitamin D,Male,1-3 years,2004,Canada excluding territories,13.875886812402,0.011935859455128
Vitamin D,Male,1-3 years,2004,Canada excluding territories,13.9159196921105,0.011720438739977
Vitamin D,Male,1-3 years,2004,Canada excluding territories,13.9559525718189,0.011509254833051
Vitamin D,Male,1-3 years,2004,Canada excluding territories,13.9959854515274,0.011301165357503
Vitamin D,Male,1-3 years,2004,Canada excluding territories,14.0360183312358,0.011096368048772
Vitamin D,Male,1-3 years,2004,Canada excluding territories,14.0760512109443,0.010896495360103
Vitamin D,Male,1-3 years,2004,Canada excluding territories,14.1160840906527,0.010699546352047
Vitamin D,Male,1-3 years,2004,Canada excluding territories,14.1561169703612,0.0105054941358
Vitamin D,Male,1-3 years,2004,Canada excluding territories,14.1961498500696,0.010315660060946
Vitamin D,Male,1-3 years,2004,Canada excluding territories,14.2361827297781,0.010129126665389
Vitamin D,Male,1-3 years,2004,Canada excluding territories,14.2762156094865,0.009945245061625
Vitamin D,Male,1-3 years,2004,Canada excluding territories,14.316248489195,0.00976449231918
Vitamin D,Male,1-3 years,2004,Canada excluding territories,14.3562813689034,0.009587442769268
Vitamin D,Male,1-3 years,2004,Canada excluding territories,14.3963142486119,0.009412741989222
Vitamin D,Male,1-3 years,2004,Canada excluding territories,14.4363471283203,0.009240348586969
Vitamin D,Male,1-3 years,2004,Canada excluding territories,14.4763800080288,0.00907149368174
Vitamin D,Male,1-3 years,2004,Canada excluding territories,14.5164128877372,0.008904814710685
Vitamin D,Male,1-3 years,2004,Canada excluding territories,14.5564457674457,0.008740088747275
Vitamin D,Male,1-3 years,2004,Canada excluding territories,14.5964786471541,0.008577848009363
Vitamin D,Male,1-3 years,2004,Canada excluding territories,14.6365115268626,0.008417914877671
Vitamin D,Male,1-3 years,2004,Canada excluding territories,14.676544406571,0.008259557882376
Vitamin D,Male,1-3 years,2004,Canada excluding territories,14.7165772862795,0.008102803131539
Vitamin D,Male,1-3 years,2004,Canada excluding territories,14.7566101659879,0.007948292049334
Vitamin D,Male,1-3 years,2004,Canada excluding territories,14.7966430456964,0.007794982016828
Vitamin D,Male,1-3 years,2004,Canada excluding territories,14.8366759254048,0.007642827818557
Vitamin D,Male,1-3 years,2004,Canada excluding territories,14.8767088051133,0.007492205952008
Vitamin D,Male,1-3 years,2004,Canada excluding territories,14.9167416848217,0.007342680158716
Vitamin D,Male,1-3 years,2004,Canada excluding territories,14.9567745645302,0.007193971513375
Vitamin D,Male,1-3 years,2004,Canada excluding territories,14.9968074442386,0.007046157499598
Vitamin D,Male,1-3 years,2004,Canada excluding territories,15.0368403239471,0.006899297141084
Vitamin D,Male,1-3 years,2004,Canada excluding territories,15.0768732036555,0.006752974436105
Vitamin D,Male,1-3 years,2004,Canada excluding territories,15.1169060833639,0.006607159239158
Vitamin D,Male,1-3 years,2004,Canada excluding territories,15.1569389630724,0.006462026537742
Vitamin D,Male,1-3 years,2004,Canada excluding territories,15.1969718427808,0.006317274245836
Vitamin D,Male,1-3 years,2004,Canada excluding territories,15.2370047224893,0.006172846452092
Vitamin D,Male,1-3 years,2004,Canada excluding territories,15.2770376021977,0.006028802356866
Vitamin D,Male,1-3 years,2004,Canada excluding territories,15.3170704819062,0.005885107150324
Vitamin D,Male,1-3 years,2004,Canada excluding territories,15.3571033616146,0.005741652109241
Vitamin D,Male,1-3 years,2004,Canada excluding territories,15.3971362413231,0.005598440562441
Vitamin D,Male,1-3 years,2004,Canada excluding territories,15.4371691210315,0.005455626909934
Vitamin D,Male,1-3 years,2004,Canada excluding territories,15.47720200074,0.005313073519242
Vitamin D,Male,1-3 years,2004,Canada excluding territories,15.5172348804484,0.005170792058403
Vitamin D,Male,1-3 years,2004,Canada excluding territories,15.5572677601569,0.005028955447167
Vitamin D,Male,1-3 years,2004,Canada excluding territories,15.5973006398653,0.004887576503553
Vitamin D,Male,1-3 years,2004,Canada excluding territories,15.6373335195738,0.004746606471277
Vitamin D,Male,1-3 years,2004,Canada excluding territories,15.6773663992822,0.004606159578676
Vitamin D,Male,1-3 years,2004,Canada excluding territories,15.7173992789907,0.004466544911032
Vitamin D,Male,1-3 years,2004,Canada excluding territories,15.7574321586991,0.004327562018502
Vitamin D,Male,1-3 years,2004,Canada excluding territories,15.7974650384076,0.004189243913403
Vitamin D,Male,1-3 years,2004,Canada excluding territories,15.837497918116,0.004052160664678
Vitamin D,Male,1-3 years,2004,Canada excluding territories,15.8775307978245,0.003916085562868
Vitamin D,Male,1-3 years,2004,Canada excluding territories,15.9175636775329,0.003780971539176
Vitamin D,Male,1-3 years,2004,Canada excluding territories,15.9575965572414,0.003647225659914
Vitamin D,Male,1-3 years,2004,Canada excluding territories,15.9976294369498,0.003515147889848
Vitamin D,Male,1-3 years,2004,Canada excluding territories,16.0376623166583,0.003384361811378
Vitamin D,Male,1-3 years,2004,Canada excluding territories,16.0776951963667,0.003254942158068
Vitamin D,Male,1-3 years,2004,Canada excluding territories,16.1177280760752,0.003128033779158
Vitamin D,Male,1-3 years,2004,Canada excluding territories,16.1577609557836,0.003002754163728
Vitamin D,Male,1-3 years,2004,Canada excluding territories,16.1977938354921,0.002879144285994
Vitamin D,Male,1-3 years,2004,Canada excluding territories,16.2378267152005,0.002758098459364
Vitamin D,Male,1-3 years,2004,Canada excluding territories,16.277859594909,0.002639470634325
Vitamin D,Male,1-3 years,2004,Canada excluding territories,16.3178924746174,0.002522822539845
Vitamin D,Male,1-3 years,2004,Canada excluding territories,16.3579253543259,0.002408531290914
Vitamin D,Male,1-3 years,2004,Canada excluding territories,16.3979582340343,0.002297587158524
Vitamin D,Male,1-3 years,2004,Canada excluding territories,16.4379911137428,0.002188884749114
Vitamin D,Male,1-3 years,2004,Canada excluding territories,16.4780239934512,0.002082452644304
Vitamin D,Male,1-3 years,2004,Canada excluding territories,16.5180568731596,0.001979737072083
Vitamin D,Male,1-3 years,2004,Canada excluding territories,16.5580897528681,0.001879767303634
Vitamin D,Male,1-3 years,2004,Canada excluding territories,16.5981226325765,0.001782252519424
Vitamin D,Male,1-3 years,2004,Canada excluding territories,16.638155512285,0.001687960045146
Vitamin D,Male,1-3 years,2004,Canada excluding territories,16.6781883919934,0.001597271009446
Vitamin D,Male,1-3 years,2004,Canada excluding territories,16.7182212717019,0.001509144893699
Vitamin D,Male,1-3 years,2004,Canada excluding territories,16.7582541514103,0.001423604360523
Vitamin D,Male,1-3 years,2004,Canada excluding territories,16.7982870311188,0.001342483959931
Vitamin D,Male,1-3 years,2004,Canada excluding territories,16.8383199108272,0.001263955268196
Vitamin D,Male,1-3 years,2004,Canada excluding territories,16.8783527905357,0.001188014726881
Vitamin D,Male,1-3 years,2004,Canada excluding territories,16.9183856702441,0.001115759566985
Vitamin D,Male,1-3 years,2004,Canada excluding territories,16.9584185499526,0.001046779261917
Vitamin D,Male,1-3 years,2004,Canada excluding territories,16.998451429661,0.000980328815624
Vitamin D,Male,1-3 years,2004,Canada excluding territories,17.0384843093695,0.000916745155369
Vitamin D,Male,1-3 years,2004,Canada excluding territories,17.0785171890779,0.000857027917098
Vitamin D,Male,1-3 years,2004,Canada excluding territories,17.1185500687864,0.000799717735632
Vitamin D,Male,1-3 years,2004,Canada excluding territories,17.1585829484948,0.000744795072571
Vitamin D,Male,1-3 years,2004,Canada excluding territories,17.1986158282033,0.000693511268921
Vitamin D,Male,1-3 years,2004,Canada excluding territories,17.2386487079117,0.000644802318099
Vitamin D,Male,1-3 years,2004,Canada excluding territories,17.2786815876202,0.000598299307634
Vitamin D,Male,1-3 years,2004,Canada excluding territories,17.3187144673286,0.000554548711865
Vitamin D,Male,1-3 years,2004,Canada excluding territories,17.3587473470371,0.000513757172035
Vitamin D,Male,1-3 years,2004,Canada excluding territories,17.3987802267455,0.000474955611055
Vitamin D,Male,1-3 years,2004,Canada excluding territories,17.438813106454,0.000438115454266
Vitamin D,Male,1-3 years,2004,Canada excluding territories,17.4788459861624,0.000404438326162
Vitamin D,Male,1-3 years,2004,Canada excluding territories,17.5188788658709,0.000372536671727
Vitamin D,Male,1-3 years,2004,Canada excluding territories,17.5589117455793,0.000342358682537
Vitamin D,Male,1-3 years,2004,Canada excluding territories,17.5989446252878,0.00031451046844
Vitamin D,Male,1-3 years,2004,Canada excluding territories,17.6389775049962,0.000288668222726
Vitamin D,Male,1-3 years,2004,Canada excluding territories,17.6790103847047,0.000264307860277
Vitamin D,Male,1-3 years,2004,Canada excluding territories,17.7190432644131,0.000241564892622
Vitamin D,Male,1-3 years,2004,Canada excluding territories,17.7590761441216,0.000220941771496
Vitamin D,Male,1-3 years,2004,Canada excluding territories,17.79910902383,0.000201565585398
Vitamin D,Male,1-3 years,2004,Canada excluding territories,17.8391419035385,0.000183407794022
Vitamin D,Male,1-3 years,2004,Canada excluding territories,17.8791747832469,0.000167009751075
Vitamin D,Male,1-3 years,2004,Canada excluding territories,17.9192076629553,0.000151825064243
Vitamin D,Male,1-3 years,2004,Canada excluding territories,17.9592405426638,0.000137642342541
Vitamin D,Male,1-3 years,2004,Canada excluding territories,17.9992734223722,0.000124660039735
Vitamin D,Male,1-3 years,2004,Canada excluding territories,18.0393063020807,0.000112936698308
Vitamin D,Male,1-3 years,2004,Canada excluding territories,18.0793391817891,0.000102020713873
Vitamin D,Male,1-3 years,2004,Canada excluding territories,18.1193720614976,9.18889446465661E-05
Vitamin D,Male,1-3 years,2004,Canada excluding territories,18.159404941206,8.29534463935621E-05
Vitamin D,Male,1-3 years,2004,Canada excluding territories,18.1994378209145,7.46752887338335E-05
Vitamin D,Male,1-3 years,2004,Canada excluding territories,18.2394707006229,6.70157101946089E-05
Vitamin D,Male,1-3 years,2004,Canada excluding territories,18.2795035803314,6.01565766335891E-05
Vitamin D,Male,1-3 years,2004,Canada excluding territories,18.3195364600398,5.3971808010234E-05
Vitamin D,Male,1-3 years,2004,Canada excluding territories,18.3595693397483,4.82654947204775E-05
Vitamin D,Male,1-3 years,2004,Canada excluding territories,18.3996022194567,4.30645569286459E-05
Vitamin D,Male,1-3 years,2015,Canada excluding territories,-2.09293413825434,7.26268347969435E-05
Vitamin D,Male,1-3 years,2015,Canada excluding territories,-2.05369739288996,8.19269377674081E-05
Vitamin D,Male,1-3 years,2015,Canada excluding territories,-2.01446064752558,9.23744330711623E-05
Vitamin D,Male,1-3 years,2015,Canada excluding territories,-1.9752239021612,0.00010379561447
Vitamin D,Male,1-3 years,2015,Canada excluding territories,-1.93598715679682,0.000116405894179
Vitamin D,Male,1-3 years,2015,Canada excluding territories,-1.89675041143244,0.000130850130941
Vitamin D,Male,1-3 years,2015,Canada excluding territories,-1.85751366606806,0.000146606589651
Vitamin D,Male,1-3 years,2015,Canada excluding territories,-1.81827692070369,0.000163723829247
Vitamin D,Male,1-3 years,2015,Canada excluding territories,-1.77904017533931,0.000183237114039
Vitamin D,Male,1-3 years,2015,Canada excluding territories,-1.73980342997493,0.000204691896534
Vitamin D,Male,1-3 years,2015,Canada excluding territories,-1.70056668461055,0.000227951766123
Vitamin D,Male,1-3 years,2015,Canada excluding territories,-1.66132993924617,0.000253711209277
Vitamin D,Male,1-3 years,2015,Canada excluding territories,-1.62209319388179,0.000282551716851
Vitamin D,Male,1-3 years,2015,Canada excluding territories,-1.58285644851741,0.000313747424968
Vitamin D,Male,1-3 years,2015,Canada excluding territories,-1.54361970315304,0.000347393599275
Vitamin D,Male,1-3 years,2015,Canada excluding territories,-1.50438295778866,0.000385674654518
Vitamin D,Male,1-3 years,2015,Canada excluding territories,-1.46514621242428,0.00042697948355
Vitamin D,Male,1-3 years,2015,Canada excluding territories,-1.4259094670599,0.000471403696938
Vitamin D,Male,1-3 years,2015,Canada excluding territories,-1.38667272169552,0.000520648672215
Vitamin D,Male,1-3 years,2015,Canada excluding territories,-1.34743597633114,0.000574652268406
Vitamin D,Male,1-3 years,2015,Canada excluding territories,-1.30819923096676,0.000632595216948
Vitamin D,Male,1-3 years,2015,Canada excluding territories,-1.26896248560239,0.000695253559859
Vitamin D,Male,1-3 years,2015,Canada excluding territories,-1.22972574023801,0.000764988871627
Vitamin D,Male,1-3 years,2015,Canada excluding territories,-1.19048899487363,0.000839619896829
Vitamin D,Male,1-3 years,2015,Canada excluding territories,-1.15125224950925,0.000919276443395
Vitamin D,Male,1-3 years,2015,Canada excluding territories,-1.11201550414487,0.001007481774271
Vitamin D,Male,1-3 years,2015,Canada excluding territories,-1.07277875878049,0.001102427884413
Vitamin D,Male,1-3 years,2015,Canada excluding territories,-1.03354201341611,0.001203515365301
Vitamin D,Male,1-3 years,2015,Canada excluding territories,-0.994305268051735,0.001312900448409
Vitamin D,Male,1-3 years,2015,Canada excluding territories,-0.955068522687356,0.001432236357825
Vitamin D,Male,1-3 years,2015,Canada excluding territories,-0.915831777322978,0.001558958680336
Vitamin D,Male,1-3 years,2015,Canada excluding territories,-0.876595031958599,0.001693246068692
Vitamin D,Male,1-3 years,2015,Canada excluding territories,-0.837358286594221,0.001841462462159
Vitamin D,Male,1-3 years,2015,Canada excluding territories,-0.798121541229842,0.001998424579783
Vitamin D,Male,1-3 years,2015,Canada excluding territories,-0.758884795865463,0.002164311733607
Vitamin D,Male,1-3 years,2015,Canada excluding territories,-0.719648050501085,0.002343592660344
Vitamin D,Male,1-3 years,2015,Canada excluding territories,-0.680411305136706,0.002535736446918
Vitamin D,Male,1-3 years,2015,Canada excluding territories,-0.641174559772327,0.002738266962562
Vitamin D,Male,1-3 years,2015,Canada excluding territories,-0.601937814407949,0.002952984126805
Vitamin D,Male,1-3 years,2015,Canada excluding territories,-0.56270106904357,0.003185498790483
Vitamin D,Male,1-3 years,2015,Canada excluding territories,-0.523464323679192,0.00342991420706
Vitamin D,Male,1-3 years,2015,Canada excluding territories,-0.484227578314813,0.003686421736354
Vitamin D,Male,1-3 years,2015,Canada excluding territories,-0.444990832950434,0.003962805672281
Vitamin D,Male,1-3 years,2015,Canada excluding territories,-0.405754087586056,0.004254440282452
Vitamin D,Male,1-3 years,2015,Canada excluding territories,-0.366517342221677,0.004559689490931
Vitamin D,Male,1-3 years,2015,Canada excluding territories,-0.327280596857299,0.004882887423268
Vitamin D,Male,1-3 years,2015,Canada excluding territories,-0.28804385149292,0.005227026400251
Vitamin D,Male,1-3 years,2015,Canada excluding territories,-0.248807106128541,0.005586257741688
Vitamin D,Male,1-3 years,2015,Canada excluding territories,-0.209570360764163,0.00596076269362
Vitamin D,Male,1-3 years,2015,Canada excluding territories,-0.170333615399784,0.006362428538177
Vitamin D,Male,1-3 years,2015,Canada excluding territories,-0.131096870035406,0.00678062504177
Vitamin D,Male,1-3 years,2015,Canada excluding territories,-0.091860124671027,0.007215455702064
Vitamin D,Male,1-3 years,2015,Canada excluding territories,-0.052623379306648,0.007674528456391
Vitamin D,Male,1-3 years,2015,Canada excluding territories,-0.01338663394227,0.00815624904472
Vitamin D,Male,1-3 years,2015,Canada excluding territories,0.025850111422109,0.00865580584111
Vitamin D,Male,1-3 years,2015,Canada excluding territories,0.065086856786488,0.009175875285974
Vitamin D,Male,1-3 years,2015,Canada excluding territories,0.104323602150866,0.009725090126196
Vitamin D,Male,1-3 years,2015,Canada excluding territories,0.143560347515245,0.010293135031157
Vitamin D,Male,1-3 years,2015,Canada excluding territories,0.182797092879623,0.010880116544807
Vitamin D,Male,1-3 years,2015,Canada excluding territories,0.222033838244002,0.011497175908157
Vitamin D,Male,1-3 years,2015,Canada excluding territories,0.261270583608381,0.012136683410422
Vitamin D,Male,1-3 years,2015,Canada excluding territories,0.300507328972759,0.012795821941564
Vitamin D,Male,1-3 years,2015,Canada excluding territories,0.339744074337138,0.013480208695123
Vitamin D,Male,1-3 years,2015,Canada excluding territories,0.378980819701516,0.014193237820362
Vitamin D,Male,1-3 years,2015,Canada excluding territories,0.418217565065895,0.014926296890387
Vitamin D,Male,1-3 years,2015,Canada excluding territories,0.457454310430274,0.015679419161962
Vitamin D,Male,1-3 years,2015,Canada excluding territories,0.496691055794652,0.016466829914117
Vitamin D,Male,1-3 years,2015,Canada excluding territories,0.535927801159031,0.017274532682763
Vitamin D,Male,1-3 years,2015,Canada excluding territories,0.57516454652341,0.018102322350627
Vitamin D,Male,1-3 years,2015,Canada excluding territories,0.614401291887788,0.018958518690639
Vitamin D,Male,1-3 years,2015,Canada excluding territories,0.653638037252167,0.019840491710732
Vitamin D,Male,1-3 years,2015,Canada excluding territories,0.692874782616545,0.02074224081711
Vitamin D,Male,1-3 years,2015,Canada excluding territories,0.732111527980924,0.021666267099844
Vitamin D,Male,1-3 years,2015,Canada excluding territories,0.771348273345303,0.022621020123918
Vitamin D,Male,1-3 years,2015,Canada excluding territories,0.810585018709681,0.023594905012084
Vitamin D,Male,1-3 years,2015,Canada excluding territories,0.84982176407406,0.024587816695731
Vitamin D,Male,1-3 years,2015,Canada excluding territories,0.889058509438438,0.025609858382185
Vitamin D,Male,1-3 years,2015,Canada excluding territories,0.928295254802817,0.026652966742566
Vitamin D,Male,1-3 years,2015,Canada excluding territories,0.967532000167196,0.027714085479677
Vitamin D,Male,1-3 years,2015,Canada excluding territories,1.00676874553157,0.028797745706561
Vitamin D,Male,1-3 years,2015,Canada excluding territories,1.04600549089595,0.029906136293841
Vitamin D,Male,1-3 years,2015,Canada excluding territories,1.08524223626033,0.031031228076311
Vitamin D,Male,1-3 years,2015,Canada excluding territories,1.12447898162471,0.032172842089571
Vitamin D,Male,1-3 years,2015,Canada excluding territories,1.16371572698909,0.033341400025667
Vitamin D,Male,1-3 years,2015,Canada excluding territories,1.20295247235347,0.03452532235854
Vitamin D,Male,1-3 years,2015,Canada excluding territories,1.24218921771785,0.035724157827474
Vitamin D,Male,1-3 years,2015,Canada excluding territories,1.28142596308222,0.036943304420887
Vitamin D,Male,1-3 years,2015,Canada excluding territories,1.3206627084466,0.038180122879588
Vitamin D,Male,1-3 years,2015,Canada excluding territories,1.35989945381098,0.039430031872863
Vitamin D,Male,1-3 years,2015,Canada excluding territories,1.39913619917536,0.040694290530272
Vitamin D,Male,1-3 years,2015,Canada excluding territories,1.43837294453974,0.041977409690894
Vitamin D,Male,1-3 years,2015,Canada excluding territories,1.47760968990412,0.043271626146035
Vitamin D,Male,1-3 years,2015,Canada excluding territories,1.5168464352685,0.044576679801585
Vitamin D,Male,1-3 years,2015,Canada excluding territories,1.55608318063287,0.045897364673237
Vitamin D,Male,1-3 years,2015,Canada excluding territories,1.59531992599725,0.047228644910372
Vitamin D,Male,1-3 years,2015,Canada excluding territories,1.63455667136163,0.04856862685714
Vitamin D,Male,1-3 years,2015,Canada excluding territories,1.67379341672601,0.049918959723925
Vitamin D,Male,1-3 years,2015,Canada excluding territories,1.71303016209039,0.051279723744916
Vitamin D,Male,1-3 years,2015,Canada excluding territories,1.75226690745477,0.052646980055274
Vitamin D,Male,1-3 years,2015,Canada excluding territories,1.79150365281915,0.054020449162686
Vitamin D,Male,1-3 years,2015,Canada excluding territories,1.83074039818353,0.055402811878304
Vitamin D,Male,1-3 years,2015,Canada excluding territories,1.8699771435479,0.056789531279667
Vitamin D,Male,1-3 years,2015,Canada excluding territories,1.90921388891228,0.058180220247949
Vitamin D,Male,1-3 years,2015,Canada excluding territories,1.94845063427666,0.059575537200809
Vitamin D,Male,1-3 years,2015,Canada excluding territories,1.98768737964104,0.060973877869358
Vitamin D,Male,1-3 years,2015,Canada excluding territories,2.02692412500542,0.062373958045569
Vitamin D,Male,1-3 years,2015,Canada excluding territories,2.0661608703698,0.063775545674141
Vitamin D,Male,1-3 years,2015,Canada excluding territories,2.10539761573418,0.065177750921617
Vitamin D,Male,1-3 years,2015,Canada excluding territories,2.14463436109855,0.06657951237971
Vitamin D,Male,1-3 years,2015,Canada excluding territories,2.18387110646293,0.067980561817709
Vitamin D,Male,1-3 years,2015,Canada excluding territories,2.22310785182731,0.069379310177614
Vitamin D,Male,1-3 years,2015,Canada excluding territories,2.26234459719169,0.070775260110485
Vitamin D,Male,1-3 years,2015,Canada excluding territories,2.30158134255607,0.07216840634813
Vitamin D,Male,1-3 years,2015,Canada excluding territories,2.34081808792045,0.073557401981681
Vitamin D,Male,1-3 years,2015,Canada excluding territories,2.38005483328483,0.074940348861864
Vitamin D,Male,1-3 years,2015,Canada excluding territories,2.4192915786492,0.076318504946648
Vitamin D,Male,1-3 years,2015,Canada excluding territories,2.45852832401358,0.077691627799391
Vitamin D,Male,1-3 years,2015,Canada excluding territories,2.49776506937796,0.079054901320712
Vitamin D,Male,1-3 years,2015,Canada excluding territories,2.53700181474234,0.080411369672897
Vitamin D,Male,1-3 years,2015,Canada excluding territories,2.57623856010672,0.081760962991613
Vitamin D,Male,1-3 years,2015,Canada excluding territories,2.6154753054711,0.083100179648786
Vitamin D,Male,1-3 years,2015,Canada excluding territories,2.65471205083548,0.084428702097809
Vitamin D,Male,1-3 years,2015,Canada excluding territories,2.69394879619985,0.085748646951089
Vitamin D,Male,1-3 years,2015,Canada excluding territories,2.73318554156423,0.087058710516715
Vitamin D,Male,1-3 years,2015,Canada excluding territories,2.77242228692861,0.088353504094382
Vitamin D,Male,1-3 years,2015,Canada excluding territories,2.81165903229299,0.089638165134634
Vitamin D,Male,1-3 years,2015,Canada excluding territories,2.85089577765737,0.090912510495227
Vitamin D,Male,1-3 years,2015,Canada excluding territories,2.89013252302175,0.092170151382532
Vitamin D,Male,1-3 years,2015,Canada excluding territories,2.92936926838613,0.093414394979579
Vitamin D,Male,1-3 years,2015,Canada excluding territories,2.9686060137505,0.094646945286876
Vitamin D,Male,1-3 years,2015,Canada excluding territories,3.00784275911488,0.095864432328646
Vitamin D,Male,1-3 years,2015,Canada excluding territories,3.04707950447926,0.097063632631406
Vitamin D,Male,1-3 years,2015,Canada excluding territories,3.08631624984364,0.09824991393073
Vitamin D,Male,1-3 years,2015,Canada excluding territories,3.12555299520802,0.099423131173327
Vitamin D,Male,1-3 years,2015,Canada excluding territories,3.1647897405724,0.100573589442764
Vitamin D,Male,1-3 years,2015,Canada excluding territories,3.20402648593678,0.10170962740723
Vitamin D,Male,1-3 years,2015,Canada excluding territories,3.24326323130115,0.102831548224263
Vitamin D,Male,1-3 years,2015,Canada excluding territories,3.28249997666553,0.103933362068803
Vitamin D,Male,1-3 years,2015,Canada excluding territories,3.32173672202991,0.105015665397873
Vitamin D,Male,1-3 years,2015,Canada excluding territories,3.36097346739429,0.106082939228215
Vitamin D,Male,1-3 years,2015,Canada excluding territories,3.40021021275867,0.107133380166717
Vitamin D,Male,1-3 years,2015,Canada excluding territories,3.43944695812305,0.108158916719786
Vitamin D,Male,1-3 years,2015,Canada excluding territories,3.47868370348743,0.109168643442051
Vitamin D,Male,1-3 years,2015,Canada excluding territories,3.51792044885181,0.110162472246091
Vitamin D,Male,1-3 years,2015,Canada excluding territories,3.55715719421618,0.111131502723649
Vitamin D,Male,1-3 years,2015,Canada excluding territories,3.59639393958056,0.112081201336836
Vitamin D,Male,1-3 years,2015,Canada excluding territories,3.63563068494494,0.113014362344668
Vitamin D,Male,1-3 years,2015,Canada excluding territories,3.67486743030932,0.113926687204545
Vitamin D,Male,1-3 years,2015,Canada excluding territories,3.7141041756737,0.114814260345753
Vitamin D,Male,1-3 years,2015,Canada excluding territories,3.75334092103808,0.115684763909551
Vitamin D,Male,1-3 years,2015,Canada excluding territories,3.79257766640246,0.116538136988437
Vitamin D,Male,1-3 years,2015,Canada excluding territories,3.83181441176683,0.117362471456856
Vitamin D,Male,1-3 years,2015,Canada excluding territories,3.87105115713121,0.118168660556632
Vitamin D,Male,1-3 years,2015,Canada excluding territories,3.91028790249559,0.118957296982109
Vitamin D,Male,1-3 years,2015,Canada excluding territories,3.94952464785997,0.119721379587542
Vitamin D,Male,1-3 years,2015,Canada excluding territories,3.98876139322435,0.120461889019798
Vitamin D,Male,1-3 years,2015,Canada excluding territories,4.02799813858873,0.121184503371462
Vitamin D,Male,1-3 years,2015,Canada excluding territories,4.06723488395311,0.121887310809968
Vitamin D,Male,1-3 years,2015,Canada excluding territories,4.10647162931748,0.12256102608212
Vitamin D,Male,1-3 years,2015,Canada excluding territories,4.14570837468186,0.123216570978557
Vitamin D,Male,1-3 years,2015,Canada excluding territories,4.18494512004624,0.123853915551018
Vitamin D,Male,1-3 years,2015,Canada excluding territories,4.22418186541062,0.124463277411815
Vitamin D,Male,1-3 years,2015,Canada excluding territories,4.263418610775,0.125050904413686
Vitamin D,Male,1-3 years,2015,Canada excluding territories,4.30265535613938,0.125620118945668
Vitamin D,Male,1-3 years,2015,Canada excluding territories,4.34189210150376,0.12616637293731
Vitamin D,Male,1-3 years,2015,Canada excluding territories,4.38112884686814,0.126685397219981
Vitamin D,Male,1-3 years,2015,Canada excluding territories,4.42036559223251,0.127185839960339
Vitamin D,Male,1-3 years,2015,Canada excluding territories,4.45960233759689,0.12766768217836
Vitamin D,Male,1-3 years,2015,Canada excluding territories,4.49883908296127,0.128118345351105
Vitamin D,Male,1-3 years,2015,Canada excluding territories,4.53807582832565,0.128549501403994
Vitamin D,Male,1-3 years,2015,Canada excluding territories,4.57731257369003,0.12896192889278
Vitamin D,Male,1-3 years,2015,Canada excluding territories,4.61654931905441,0.12934838133031
Vitamin D,Male,1-3 years,2015,Canada excluding territories,4.65578606441878,0.129709845071174
Vitamin D,Male,1-3 years,2015,Canada excluding territories,4.69502280978316,0.130052483294921
Vitamin D,Male,1-3 years,2015,Canada excluding territories,4.73425955514754,0.130374435352647
Vitamin D,Male,1-3 years,2015,Canada excluding territories,4.77349630051192,0.13066590423541
Vitamin D,Male,1-3 years,2015,Canada excluding territories,4.8127330458763,0.130938482419667
Vitamin D,Male,1-3 years,2015,Canada excluding territories,4.85196979124068,0.131192164546474
Vitamin D,Male,1-3 years,2015,Canada excluding territories,4.89120653660506,0.131417009972498
Vitamin D,Male,1-3 years,2015,Canada excluding territories,4.93044328196944,0.131619372222161
Vitamin D,Male,1-3 years,2015,Canada excluding territories,4.96968002733381,0.131802817266841
Vitamin D,Male,1-3 years,2015,Canada excluding territories,5.00891677269819,0.131962833792589
Vitamin D,Male,1-3 years,2015,Canada excluding territories,5.04815351806257,0.132094963648622
Vitamin D,Male,1-3 years,2015,Canada excluding territories,5.08739026342695,0.132208203760928
Vitamin D,Male,1-3 years,2015,Canada excluding territories,5.12662700879133,0.132302560956303
Vitamin D,Male,1-3 years,2015,Canada excluding territories,5.16586375415571,0.132365523229521
Vitamin D,Male,1-3 years,2015,Canada excluding territories,5.20510049952009,0.132408780519243
Vitamin D,Male,1-3 years,2015,Canada excluding territories,5.24433724488446,0.132433256723422
Vitamin D,Male,1-3 years,2015,Canada excluding territories,5.28357399024884,0.132431892463514
Vitamin D,Male,1-3 years,2015,Canada excluding territories,5.32281073561322,0.132405627764964
Vitamin D,Male,1-3 years,2015,Canada excluding territories,5.3620474809776,0.132360765429681
Vitamin D,Male,1-3 years,2015,Canada excluding territories,5.40128422634198,0.132295626557106
Vitamin D,Male,1-3 years,2015,Canada excluding territories,5.44052097170636,0.132200592273725
Vitamin D,Male,1-3 years,2015,Canada excluding territories,5.47975771707074,0.132087241926888
Vitamin D,Male,1-3 years,2015,Canada excluding territories,5.51899446243511,0.131955619673634
Vitamin D,Male,1-3 years,2015,Canada excluding territories,5.55823120779949,0.131796431706164
Vitamin D,Male,1-3 years,2015,Canada excluding territories,5.59746795316387,0.131615801935697
Vitamin D,Male,1-3 years,2015,Canada excluding territories,5.63670469852825,0.131417315176322
Vitamin D,Male,1-3 years,2015,Canada excluding territories,5.67594144389263,0.131196945514363
Vitamin D,Male,1-3 years,2015,Canada excluding territories,5.71517818925701,0.130950644191807
Vitamin D,Male,1-3 years,2015,Canada excluding territories,5.75441493462139,0.130687026658301
Vitamin D,Male,1-3 years,2015,Canada excluding territories,5.79365167998577,0.130406168486229
Vitamin D,Male,1-3 years,2015,Canada excluding territories,5.83288842535014,0.130097139155212
Vitamin D,Male,1-3 years,2015,Canada excluding territories,5.87212517071452,0.129770555999334
Vitamin D,Male,1-3 years,2015,Canada excluding territories,5.9113619160789,0.129427425496676
Vitamin D,Male,1-3 years,2015,Canada excluding territories,5.95059866144328,0.129061872369212
Vitamin D,Male,1-3 years,2015,Canada excluding territories,5.98983540680766,0.128674923002044
Vitamin D,Male,1-3 years,2015,Canada excluding territories,6.02907215217204,0.128272247408311
Vitamin D,Male,1-3 years,2015,Canada excluding territories,6.06830889753642,0.127852634446795
Vitamin D,Male,1-3 years,2015,Canada excluding territories,6.10754564290079,0.127408334597851
Vitamin D,Male,1-3 years,2015,Canada excluding territories,6.14678238826517,0.126949247565204
Vitamin D,Male,1-3 years,2015,Canada excluding territories,6.18601913362955,0.126475499612665
Vitamin D,Male,1-3 years,2015,Canada excluding territories,6.22525587899393,0.125980097795719
Vitamin D,Male,1-3 years,2015,Canada excluding territories,6.26449262435831,0.125468094654815
Vitamin D,Male,1-3 years,2015,Canada excluding territories,6.30372936972269,0.124942485868313
Vitamin D,Male,1-3 years,2015,Canada excluding territories,6.34296611508706,0.124400480585324
Vitamin D,Male,1-3 years,2015,Canada excluding territories,6.38220286045144,0.123839356438787
Vitamin D,Male,1-3 years,2015,Canada excluding territories,6.42143960581582,0.123265757633104
Vitamin D,Male,1-3 years,2015,Canada excluding territories,6.4606763511802,0.122679829483351
Vitamin D,Male,1-3 years,2015,Canada excluding territories,6.49991309654458,0.122074304886319
Vitamin D,Male,1-3 years,2015,Canada excluding territories,6.53914984190896,0.12145678686594
Vitamin D,Male,1-3 years,2015,Canada excluding territories,6.57838658727334,0.120828126720544
Vitamin D,Male,1-3 years,2015,Canada excluding territories,6.61762333263772,0.120184696478154
Vitamin D,Male,1-3 years,2015,Canada excluding territories,6.65686007800209,0.1195274470104
Vitamin D,Male,1-3 years,2015,Canada excluding territories,6.69609682336647,0.118860261873818
Vitamin D,Male,1-3 years,2015,Canada excluding territories,6.73533356873085,0.118182542974554
Vitamin D,Male,1-3 years,2015,Canada excluding territories,6.77457031409523,0.117489784140543
Vitamin D,Male,1-3 years,2015,Canada excluding territories,6.81380705945961,0.116788290450665
Vitamin D,Male,1-3 years,2015,Canada excluding territories,6.85304380482399,0.116078210426063
Vitamin D,Male,1-3 years,2015,Canada excluding territories,6.89228055018837,0.115355798854265
Vitamin D,Male,1-3 years,2015,Canada excluding territories,6.93151729555274,0.114624148223341
Vitamin D,Male,1-3 years,2015,Canada excluding territories,6.97075404091712,0.113885077351291
Vitamin D,Male,1-3 years,2015,Canada excluding territories,7.0099907862815,0.11313725102825
Vitamin D,Male,1-3 years,2015,Canada excluding territories,7.04922753164588,0.112379466805778
Vitamin D,Male,1-3 years,2015,Canada excluding territories,7.08846427701026,0.111615379470714
Vitamin D,Male,1-3 years,2015,Canada excluding territories,7.12770102237464,0.110845125402988
Vitamin D,Male,1-3 years,2015,Canada excluding territories,7.16693776773902,0.110065422906126
Vitamin D,Male,1-3 years,2015,Canada excluding territories,7.20617451310339,0.109280101952681
Vitamin D,Male,1-3 years,2015,Canada excluding territories,7.24541125846777,0.108489658241368
Vitamin D,Male,1-3 years,2015,Canada excluding territories,7.28464800383215,0.10769262430191
Vitamin D,Male,1-3 years,2015,Canada excluding territories,7.32388474919653,0.106889628594329
Vitamin D,Male,1-3 years,2015,Canada excluding territories,7.36312149456091,0.106082482581529
Vitamin D,Male,1-3 years,2015,Canada excluding territories,7.40235823992529,0.10527103178709
Vitamin D,Male,1-3 years,2015,Canada excluding territories,7.44159498528967,0.104453676218196
Vitamin D,Male,1-3 years,2015,Canada excluding territories,7.48083173065405,0.103633067283268
Vitamin D,Male,1-3 years,2015,Canada excluding territories,7.52006847601842,0.102809311012353
Vitamin D,Male,1-3 years,2015,Canada excluding territories,7.5593052213828,0.101981259267332
Vitamin D,Male,1-3 years,2015,Canada excluding territories,7.59854196674718,0.101150172159622
Vitamin D,Male,1-3 years,2015,Canada excluding territories,7.63777871211156,0.100316745296915
Vitamin D,Male,1-3 years,2015,Canada excluding territories,7.67701545747594,0.099480678453991
Vitamin D,Male,1-3 years,2015,Canada excluding territories,7.71625220284032,0.098641843875055
Vitamin D,Male,1-3 years,2015,Canada excluding territories,7.75548894820469,0.097801401813864
Vitamin D,Male,1-3 years,2015,Canada excluding territories,7.79472569356907,0.096959439419473
Vitamin D,Male,1-3 years,2015,Canada excluding territories,7.83396243893345,0.096115427213726
Vitamin D,Male,1-3 years,2015,Canada excluding territories,7.87319918429783,0.095270379361554
Vitamin D,Male,1-3 years,2015,Canada excluding territories,7.91243592966221,0.094424458805132
Vitamin D,Male,1-3 years,2015,Canada excluding territories,7.95167267502659,0.093577586553606
Vitamin D,Male,1-3 years,2015,Canada excluding territories,7.99090942039097,0.092730105922605
Vitamin D,Male,1-3 years,2015,Canada excluding territories,8.03014616575535,0.09188233139627
Vitamin D,Male,1-3 years,2015,Canada excluding territories,8.06938291111972,0.09103433404456
Vitamin D,Male,1-3 years,2015,Canada excluding territories,8.1086196564841,0.090186368806072
Vitamin D,Male,1-3 years,2015,Canada excluding territories,8.14785640184848,0.089338623635616
Vitamin D,Male,1-3 years,2015,Canada excluding territories,8.18709314721286,0.088491157806569
Vitamin D,Male,1-3 years,2015,Canada excluding territories,8.22632989257724,0.087644349621775
Vitamin D,Male,1-3 years,2015,Canada excluding territories,8.26556663794162,0.086798310212698
Vitamin D,Male,1-3 years,2015,Canada excluding territories,8.304803383306,0.085952994450147
Vitamin D,Male,1-3 years,2015,Canada excluding territories,8.34404012867037,0.08510866445603
Vitamin D,Male,1-3 years,2015,Canada excluding territories,8.38327687403475,0.084265816431862
Vitamin D,Male,1-3 years,2015,Canada excluding territories,8.42251361939913,0.083424082688215
Vitamin D,Male,1-3 years,2015,Canada excluding territories,8.46175036476351,0.082583509051668
Vitamin D,Male,1-3 years,2015,Canada excluding territories,8.50098711012789,0.081745067379481
Vitamin D,Male,1-3 years,2015,Canada excluding territories,8.54022385549227,0.080908182117596
Vitamin D,Male,1-3 years,2015,Canada excluding territories,8.57946060085665,0.080072793336112
Vitamin D,Male,1-3 years,2015,Canada excluding territories,8.61869734622102,0.079239544844723
Vitamin D,Male,1-3 years,2015,Canada excluding territories,8.6579340915854,0.078408631702645
Vitamin D,Male,1-3 years,2015,Canada excluding territories,8.69717083694978,0.077579513280047
Vitamin D,Male,1-3 years,2015,Canada excluding territories,8.73640758231416,0.076752352025622
Vitamin D,Male,1-3 years,2015,Canada excluding territories,8.77564432767854,0.07592841709518
Vitamin D,Male,1-3 years,2015,Canada excluding territories,8.81488107304292,0.075106545301087
Vitamin D,Male,1-3 years,2015,Canada excluding territories,8.8541178184073,0.074286768341545
Vitamin D,Male,1-3 years,2015,Canada excluding territories,8.89335456377168,0.073470243547309
Vitamin D,Male,1-3 years,2015,Canada excluding territories,8.93259130913605,0.072656512700759
Vitamin D,Male,1-3 years,2015,Canada excluding territories,8.97182805450043,0.071845121377857
Vitamin D,Male,1-3 years,2015,Canada excluding territories,9.01106479986481,0.071036611124494
Vitamin D,Male,1-3 years,2015,Canada excluding territories,9.05030154522919,0.070231860655391
Vitamin D,Male,1-3 years,2015,Canada excluding territories,9.08953829059357,0.069429682986632
Vitamin D,Male,1-3 years,2015,Canada excluding territories,9.12877503595795,0.068630106946823
Vitamin D,Male,1-3 years,2015,Canada excluding territories,9.16801178132233,0.067834927275771
Vitamin D,Male,1-3 years,2015,Canada excluding territories,9.2072485266867,0.06704276845854
Vitamin D,Male,1-3 years,2015,Canada excluding territories,9.24648527205108,0.066253440098531
Vitamin D,Male,1-3 years,2015,Canada excluding territories,9.28572201741546,0.065468005741966
Vitamin D,Male,1-3 years,2015,Canada excluding territories,9.32495876277984,0.064686667603836
Vitamin D,Male,1-3 years,2015,Canada excluding territories,9.36419550814422,0.063908390597679
Vitamin D,Male,1-3 years,2015,Canada excluding territories,9.4034322535086,0.063133392918512
Vitamin D,Male,1-3 years,2015,Canada excluding territories,9.44266899887297,0.062363687398965
Vitamin D,Male,1-3 years,2015,Canada excluding territories,9.48190574423735,0.061597278340621
Vitamin D,Male,1-3 years,2015,Canada excluding territories,9.52114248960173,0.06083419568416
Vitamin D,Male,1-3 years,2015,Canada excluding territories,9.56037923496611,0.060076176649267
Vitamin D,Male,1-3 years,2015,Canada excluding territories,9.59961598033049,0.05932246931702
Vitamin D,Male,1-3 years,2015,Canada excluding territories,9.63885272569487,0.058572329538374
Vitamin D,Male,1-3 years,2015,Canada excluding territories,9.67808947105925,0.057826531390147
Vitamin D,Male,1-3 years,2015,Canada excluding territories,9.71732621642363,0.057086373951035
Vitamin D,Male,1-3 years,2015,Canada excluding territories,9.756562961788,0.056350027959122
Vitamin D,Male,1-3 years,2015,Canada excluding territories,9.79579970715238,0.055617523984163
Vitamin D,Male,1-3 years,2015,Canada excluding territories,9.83503645251676,0.054891427489655
Vitamin D,Male,1-3 years,2015,Canada excluding territories,9.87427319788114,0.054169727430443
Vitamin D,Male,1-3 years,2015,Canada excluding territories,9.91350994324552,0.053452111251428
Vitamin D,Male,1-3 years,2015,Canada excluding territories,9.9527466886099,0.052740055432885
Vitamin D,Male,1-3 years,2015,Canada excluding territories,9.99198343397428,0.052033839231772
Vitamin D,Male,1-3 years,2015,Canada excluding territories,10.0312201793387,0.05133194110122
Vitamin D,Male,1-3 years,2015,Canada excluding territories,10.070456924703,0.050634628278177
Vitamin D,Male,1-3 years,2015,Canada excluding territories,10.1096936700674,0.049944701493039
Vitamin D,Male,1-3 years,2015,Canada excluding territories,10.1489304154318,0.049259313386729
Vitamin D,Male,1-3 years,2015,Canada excluding territories,10.1881671607962,0.048578490024986
Vitamin D,Male,1-3 years,2015,Canada excluding territories,10.2274039061605,0.047904527504007
Vitamin D,Male,1-3 years,2015,Canada excluding territories,10.2666406515249,0.047236384395623
Vitamin D,Male,1-3 years,2015,Canada excluding territories,10.3058773968893,0.046573003436117
Vitamin D,Male,1-3 years,2015,Canada excluding territories,10.3451141422537,0.045915355306277
Vitamin D,Male,1-3 years,2015,Canada excluding territories,10.3843508876181,0.045265118076972
Vitamin D,Male,1-3 years,2015,Canada excluding territories,10.4235876329824,0.044619815236943
Vitamin D,Male,1-3 years,2015,Canada excluding territories,10.4628243783468,0.043979466535434
Vitamin D,Male,1-3 years,2015,Canada excluding territories,10.5020611237112,0.04334724438077
Vitamin D,Male,1-3 years,2015,Canada excluding territories,10.5412978690756,0.042720563679055
Vitamin D,Male,1-3 years,2015,Canada excluding territories,10.58053461444,0.0420989755649
Vitamin D,Male,1-3 years,2015,Canada excluding territories,10.6197713598043,0.041484227688133
Vitamin D,Male,1-3 years,2015,Canada excluding territories,10.6590081051687,0.040876612845324
Vitamin D,Male,1-3 years,2015,Canada excluding territories,10.6982448505331,0.040274197967678
Vitamin D,Male,1-3 years,2015,Canada excluding territories,10.7374815958975,0.039677247062478
Vitamin D,Male,1-3 years,2015,Canada excluding territories,10.7767183412618,0.039089037454489
Vitamin D,Male,1-3 years,2015,Canada excluding territories,10.8159550866262,0.038506103789507
Vitamin D,Male,1-3 years,2015,Canada excluding territories,10.8551918319906,0.037928452917185
Vitamin D,Male,1-3 years,2015,Canada excluding territories,10.894428577355,0.03735861987359
Vitamin D,Male,1-3 years,2015,Canada excluding territories,10.9336653227194,0.036795372469422
Vitamin D,Male,1-3 years,2015,Canada excluding territories,10.9729020680837,0.036237448638196
Vitamin D,Male,1-3 years,2015,Canada excluding territories,11.0121388134481,0.035685858391333
Vitamin D,Male,1-3 years,2015,Canada excluding territories,11.0513755588125,0.035142404873633
Vitamin D,Male,1-3 years,2015,Canada excluding territories,11.0906123041769,0.03460428805007
Vitamin D,Male,1-3 years,2015,Canada excluding territories,11.1298490495413,0.034071507868594
Vitamin D,Male,1-3 years,2015,Canada excluding territories,11.1690857949056,0.033547344103209
Vitamin D,Male,1-3 years,2015,Canada excluding territories,11.20832254027,0.033029028450147
Vitamin D,Male,1-3 years,2015,Canada excluding territories,11.2475592856344,0.03251603433435
Vitamin D,Male,1-3 years,2015,Canada excluding territories,11.2867960309988,0.032010102756787
Vitamin D,Male,1-3 years,2015,Canada excluding territories,11.3260327763631,0.031511507657207
Vitamin D,Male,1-3 years,2015,Canada excluding territories,11.3652695217275,0.03101819880797
Vitamin D,Male,1-3 years,2015,Canada excluding territories,11.4045062670919,0.030530394166224
Vitamin D,Male,1-3 years,2015,Canada excluding territories,11.4437430124563,0.030051376080101
Vitamin D,Male,1-3 years,2015,Canada excluding territories,11.4829797578207,0.029577592505727
Vitamin D,Male,1-3 years,2015,Canada excluding territories,11.522216503185,0.029109035772393
Vitamin D,Male,1-3 years,2015,Canada excluding territories,11.5614532485494,0.02864812940608
Vitamin D,Male,1-3 years,2015,Canada excluding territories,11.6006899939138,0.028193663520644
Vitamin D,Male,1-3 years,2015,Canada excluding territories,11.6399267392782,0.02774435806385
Vitamin D,Male,1-3 years,2015,Canada excluding territories,11.6791634846426,0.027301139675094
Vitamin D,Male,1-3 years,2015,Canada excluding territories,11.7184002300069,0.026865746785185
Vitamin D,Male,1-3 years,2015,Canada excluding territories,11.7576369753713,0.026435438586434
Vitamin D,Male,1-3 years,2015,Canada excluding territories,11.7968737207357,0.026010205077442
Vitamin D,Male,1-3 years,2015,Canada excluding territories,11.8361104661001,0.02559308977817
Vitamin D,Male,1-3 years,2015,Canada excluding territories,11.8753472114644,0.025181498668676
Vitamin D,Male,1-3 years,2015,Canada excluding territories,11.9145839568288,0.024774898426289
Vitamin D,Male,1-3 years,2015,Canada excluding territories,11.9538207021932,0.024374872423279
Vitamin D,Male,1-3 years,2015,Canada excluding territories,11.9930574475576,0.023981697627878
Vitamin D,Male,1-3 years,2015,Canada excluding territories,12.032294192922,0.023593424339316
Vitamin D,Male,1-3 years,2015,Canada excluding territories,12.0715309382863,0.023210219968187
Vitamin D,Male,1-3 years,2015,Canada excluding territories,12.1107676836507,0.022835142819628
Vitamin D,Male,1-3 years,2015,Canada excluding territories,12.1500044290151,0.022464872499927
Vitamin D,Male,1-3 years,2015,Canada excluding territories,12.1892411743795,0.022099396626913
Vitamin D,Male,1-3 years,2015,Canada excluding territories,12.2284779197439,0.021740891605907
Vitamin D,Male,1-3 years,2015,Canada excluding territories,12.2677146651082,0.021388281259678
Vitamin D,Male,1-3 years,2015,Canada excluding territories,12.3069514104726,0.021040363346324
Vitamin D,Male,1-3 years,2015,Canada excluding territories,12.346188155837,0.020697944935701
Vitamin D,Male,1-3 years,2015,Canada excluding territories,12.3854249012014,0.020362628124807
Vitamin D,Male,1-3 years,2015,Canada excluding territories,12.4246616465658,0.020031893345068
Vitamin D,Male,1-3 years,2015,Canada excluding territories,12.4638983919301,0.019705726055716
Vitamin D,Male,1-3 years,2015,Canada excluding territories,12.5031351372945,0.019386812114693
Vitamin D,Male,1-3 years,2015,Canada excluding territories,12.5423718826589,0.019072851942103
Vitamin D,Male,1-3 years,2015,Canada excluding territories,12.5816086280233,0.018763335307644
Vitamin D,Male,1-3 years,2015,Canada excluding territories,12.6208453733876,0.018459628698805
Vitamin D,Male,1-3 years,2015,Canada excluding territories,12.660082118752,0.018161990166386
Vitamin D,Male,1-3 years,2015,Canada excluding territories,12.6993188641164,0.017868655511598
Vitamin D,Male,1-3 years,2015,Canada excluding territories,12.7385556094808,0.017579738475285
Vitamin D,Male,1-3 years,2015,Canada excluding territories,12.7777923548452,0.017297911519432
Vitamin D,Male,1-3 years,2015,Canada excluding territories,12.8170291002095,0.017020228837059
Vitamin D,Male,1-3 years,2015,Canada excluding territories,12.8562658455739,0.016746668321336
Vitamin D,Male,1-3 years,2015,Canada excluding territories,12.8955025909383,0.016479034875586
Vitamin D,Male,1-3 years,2015,Canada excluding territories,12.9347393363027,0.016216398831581
Vitamin D,Male,1-3 years,2015,Canada excluding territories,12.9739760816671,0.01595769637348
Vitamin D,Male,1-3 years,2015,Canada excluding territories,13.0132128270314,0.015703555885086
Vitamin D,Male,1-3 years,2015,Canada excluding territories,13.0524495723958,0.015455271983794
Vitamin D,Male,1-3 years,2015,Canada excluding territories,13.0916863177602,0.015210703769255
Vitamin D,Male,1-3 years,2015,Canada excluding territories,13.1309230631246,0.014969821737516
Vitamin D,Male,1-3 years,2015,Canada excluding territories,13.1701598084889,0.014734681958349
Vitamin D,Male,1-3 years,2015,Canada excluding territories,13.2093965538533,0.014503419245159
Vitamin D,Male,1-3 years,2015,Canada excluding territories,13.2486332992177,0.014275586441223
Vitamin D,Male,1-3 years,2015,Canada excluding territories,13.2878700445821,0.014052160197922
Vitamin D,Male,1-3 years,2015,Canada excluding territories,13.3271067899465,0.013833261028241
Vitamin D,Male,1-3 years,2015,Canada excluding territories,13.3663435353108,0.013617500637946
Vitamin D,Male,1-3 years,2015,Canada excluding territories,13.4055802806752,0.013404917063622
Vitamin D,Male,1-3 years,2015,Canada excluding territories,13.4448170260396,0.013197323010042
Vitamin D,Male,1-3 years,2015,Canada excluding territories,13.484053771404,0.012992542066695
Vitamin D,Male,1-3 years,2015,Canada excluding territories,13.5232905167684,0.012790530494026
Vitamin D,Male,1-3 years,2015,Canada excluding territories,13.5625272621327,0.012592377613912
Vitamin D,Male,1-3 years,2015,Canada excluding territories,13.6017640074971,0.012397373001173
Vitamin D,Male,1-3 years,2015,Canada excluding territories,13.6410007528615,0.012204775811214
Vitamin D,Male,1-3 years,2015,Canada excluding territories,13.6802374982259,0.012014899681559
Vitamin D,Male,1-3 years,2015,Canada excluding territories,13.7194742435902,0.011828372881403
Vitamin D,Male,1-3 years,2015,Canada excluding territories,13.7587109889546,0.011643867404089
Vitamin D,Male,1-3 years,2015,Canada excluding territories,13.797947734319,0.011461333662075
Vitamin D,Male,1-3 years,2015,Canada excluding territories,13.8371844796834,0.011281696680465
Vitamin D,Male,1-3 years,2015,Canada excluding territories,13.8764212250478,0.011103899274905
Vitamin D,Male,1-3 years,2015,Canada excluding territories,13.9156579704121,0.010927672275828
Vitamin D,Male,1-3 years,2015,Canada excluding territories,13.9548947157765,0.010753360722446
Vitamin D,Male,1-3 years,2015,Canada excluding territories,13.9941314611409,0.010580864799665
Vitamin D,Male,1-3 years,2015,Canada excluding territories,14.0333682065053,0.010409539847292
Vitamin D,Male,1-3 years,2015,Canada excluding territories,14.0726049518697,0.010239355526401
Vitamin D,Male,1-3 years,2015,Canada excluding territories,14.111841697234,0.010070778911726
Vitamin D,Male,1-3 years,2015,Canada excluding territories,14.1510784425984,0.009902992186508
Vitamin D,Male,1-3 years,2015,Canada excluding territories,14.1903151879628,0.009735950632494
Vitamin D,Male,1-3 years,2015,Canada excluding territories,14.2295519333272,0.009569822312364
Vitamin D,Male,1-3 years,2015,Canada excluding territories,14.2687886786915,0.009404307418889
Vitamin D,Male,1-3 years,2015,Canada excluding territories,14.3080254240559,0.00923920178009
Vitamin D,Male,1-3 years,2015,Canada excluding territories,14.3472621694203,0.009074500572323
Vitamin D,Male,1-3 years,2015,Canada excluding territories,14.3864989147847,0.008910148200377
Vitamin D,Male,1-3 years,2015,Canada excluding territories,14.4257356601491,0.008745928116292
Vitamin D,Male,1-3 years,2015,Canada excluding territories,14.4649724055134,0.008581810698534
Vitamin D,Male,1-3 years,2015,Canada excluding territories,14.5042091508778,0.008417724592646
Vitamin D,Male,1-3 years,2015,Canada excluding territories,14.5434458962422,0.008253572403149
Vitamin D,Male,1-3 years,2015,Canada excluding territories,14.5826826416066,0.008089336434117
Vitamin D,Male,1-3 years,2015,Canada excluding territories,14.621919386971,0.007924944938467
Vitamin D,Male,1-3 years,2015,Canada excluding territories,14.6611561323353,0.007760324894063
Vitamin D,Male,1-3 years,2015,Canada excluding territories,14.7003928776997,0.007595526919787
Vitamin D,Male,1-3 years,2015,Canada excluding territories,14.7396296230641,0.007430541363342
Vitamin D,Male,1-3 years,2015,Canada excluding territories,14.7788663684285,0.007265236122711
Vitamin D,Male,1-3 years,2015,Canada excluding territories,14.8181031137928,0.00709975910957
Vitamin D,Male,1-3 years,2015,Canada excluding territories,14.8573398591572,0.006934120508428
Vitamin D,Male,1-3 years,2015,Canada excluding territories,14.8965766045216,0.006768287339556
Vitamin D,Male,1-3 years,2015,Canada excluding territories,14.935813349886,0.006602353944023
Vitamin D,Male,1-3 years,2015,Canada excluding territories,14.9750500952504,0.006436383699259
Vitamin D,Male,1-3 years,2015,Canada excluding territories,15.0142868406147,0.006270409223503
Vitamin D,Male,1-3 years,2015,Canada excluding territories,15.0535235859791,0.006104574343377
Vitamin D,Male,1-3 years,2015,Canada excluding territories,15.0927603313435,0.005938922136236
Vitamin D,Male,1-3 years,2015,Canada excluding territories,15.1319970767079,0.005773486213404
Vitamin D,Male,1-3 years,2015,Canada excluding territories,15.1712338220723,0.005608565267295
Vitamin D,Male,1-3 years,2015,Canada excluding territories,15.2104705674366,0.005444170544429
Vitamin D,Male,1-3 years,2015,Canada excluding territories,15.249707312801,0.005280304325166
Vitamin D,Male,1-3 years,2015,Canada excluding territories,15.2889440581654,0.005117237241247
Vitamin D,Male,1-3 years,2015,Canada excluding territories,15.3281808035298,0.004955273963465
Vitamin D,Male,1-3 years,2015,Canada excluding territories,15.3674175488941,0.004794208606047
Vitamin D,Male,1-3 years,2015,Canada excluding territories,15.4066542942585,0.004634099928278
Vitamin D,Male,1-3 years,2015,Canada excluding territories,15.4458910396229,0.004475905544849
Vitamin D,Male,1-3 years,2015,Canada excluding territories,15.4851277849873,0.004319011044249
Vitamin D,Male,1-3 years,2015,Canada excluding territories,15.5243645303517,0.004163467761264
Vitamin D,Male,1-3 years,2015,Canada excluding territories,15.563601275716,0.004010050916907
Vitamin D,Male,1-3 years,2015,Canada excluding territories,15.6028380210804,0.003858752515473
Vitamin D,Male,1-3 years,2015,Canada excluding territories,15.6420747664448,0.003709210577364
Vitamin D,Male,1-3 years,2015,Canada excluding territories,15.6813115118092,0.003561775022219
Vitamin D,Male,1-3 years,2015,Canada excluding territories,15.7205482571736,0.003417467536043
Vitamin D,Male,1-3 years,2015,Canada excluding territories,15.7597850025379,0.003275296084212
Vitamin D,Male,1-3 years,2015,Canada excluding territories,15.7990217479023,0.003135305069176
Vitamin D,Male,1-3 years,2015,Canada excluding territories,15.8382584932667,0.002998955425254
Vitamin D,Male,1-3 years,2015,Canada excluding territories,15.8774952386311,0.002865388589238
Vitamin D,Male,1-3 years,2015,Canada excluding territories,15.9167319839954,0.002734322234013
Vitamin D,Male,1-3 years,2015,Canada excluding territories,15.9559687293598,0.002606574424889
Vitamin D,Male,1-3 years,2015,Canada excluding territories,15.9952054747242,0.002482645054311
Vitamin D,Male,1-3 years,2015,Canada excluding territories,16.0344422200886,0.002361465396357
Vitamin D,Male,1-3 years,2015,Canada excluding territories,16.073678965453,0.002243072757664
Vitamin D,Male,1-3 years,2015,Canada excluding territories,16.1129157108173,0.002129562626678
Vitamin D,Male,1-3 years,2015,Canada excluding territories,16.1521524561817,0.002018968993471
Vitamin D,Male,1-3 years,2015,Canada excluding territories,16.1913892015461,0.001911304583911
Vitamin D,Male,1-3 years,2015,Canada excluding territories,16.2306259469105,0.001807875883492
Vitamin D,Male,1-3 years,2015,Canada excluding territories,16.2698626922749,0.001708280618839
Vitamin D,Male,1-3 years,2015,Canada excluding territories,16.3090994376392,0.001611679103643
Vitamin D,Male,1-3 years,2015,Canada excluding territories,16.3483361830036,0.001518507520662
Vitamin D,Male,1-3 years,2015,Canada excluding territories,16.387572928368,0.001430031433197
Vitamin D,Male,1-3 years,2015,Canada excluding territories,16.4268096737324,0.001344528185512
Vitamin D,Male,1-3 years,2015,Canada excluding territories,16.4660464190967,0.001261989303037
Vitamin D,Male,1-3 years,2015,Canada excluding territories,16.5052831644611,0.00118405749354
Vitamin D,Male,1-3 years,2015,Canada excluding territories,16.5445199098255,0.001109417703854
Vitamin D,Male,1-3 years,2015,Canada excluding territories,16.5837566551899,0.001037631966502
Vitamin D,Male,1-3 years,2015,Canada excluding territories,16.6229934005543,0.000969465392438
Vitamin D,Male,1-3 years,2015,Canada excluding territories,16.6622301459186,0.0009052171338
Vitamin D,Male,1-3 years,2015,Canada excluding territories,16.701466891283,0.000843649489204
Vitamin D,Male,1-3 years,2015,Canada excluding territories,16.7407036366474,0.000784737849992
Vitamin D,Male,1-3 years,2015,Canada excluding territories,16.7799403820118,0.000730210067294
Vitamin D,Male,1-3 years,2015,Canada excluding territories,16.8191771273762,0.000678146319625
Vitamin D,Male,1-3 years,2015,Canada excluding territories,16.8584138727405,0.000628510384642
Vitamin D,Male,1-3 years,2015,Canada excluding territories,16.8976506181049,0.000582224053525
Vitamin D,Male,1-3 years,2015,Canada excluding territories,16.9368873634693,0.000538820579419
Vitamin D,Male,1-3 years,2015,Canada excluding territories,16.9761241088337,0.00049758733148
Vitamin D,Male,1-3 years,2015,Canada excluding territories,17.015360854198,0.000458768343484
Vitamin D,Male,1-3 years,2015,Canada excluding territories,17.0545975995624,0.000423102020145
Vitamin D,Male,1-3 years,2015,Canada excluding territories,17.0938343449268,0.000389334021988
Vitamin D,Male,1-3 years,2015,Canada excluding territories,17.1330710902912,0.000357429996172
Vitamin D,Male,1-3 years,2015,Canada excluding territories,17.1723078356556,0.000328284087278
Vitamin D,Male,1-3 years,2015,Canada excluding territories,17.2115445810199,0.000301024534264
Vitamin D,Male,1-3 years,2015,Canada excluding territories,17.2507813263843,0.000275357375578
Vitamin D,Male,1-3 years,2015,Canada excluding territories,17.2900180717487,0.000251642392311
Vitamin D,Male,1-3 years,2015,Canada excluding territories,17.3292548171131,0.000229953679436
Vitamin D,Male,1-3 years,2015,Canada excluding territories,17.3684915624775,0.000209597851165
Vitamin D,Male,1-3 years,2015,Canada excluding territories,17.4077283078418,0.000190543309578
Vitamin D,Male,1-3 years,2015,Canada excluding territories,17.4469650532062,0.000173528707273
Vitamin D,Male,1-3 years,2015,Canada excluding territories,17.4862017985706,0.000157616441253
Vitamin D,Male,1-3 years,2015,Canada excluding territories,17.525438543935,0.000142769781464
Vitamin D,Male,1-3 years,2015,Canada excluding territories,17.5646752892993,0.000129338695416
Vitamin D,Male,1-3 years,2015,Canada excluding territories,17.6039120346637,0.000117079691273
Vitamin D,Male,1-3 years,2015,Canada excluding territories,17.6431487800281,0.000105676410875
Vitamin D,Male,1-3 years,2015,Canada excluding territories,17.6823855253925,9.52016622168659E-05
Vitamin D,Male,1-3 years,2015,Canada excluding territories,17.7216222707569,8.5894913873814E-05
Vitamin D,Male,1-3 years,2015,Canada excluding territories,17.7608590161212,7.7262038766742E-05
Vitamin D,Male,1-3 years,2015,Canada excluding territories,17.8000957614856,6.92823727921199E-05
Vitamin D,Male,1-3 years,2015,Canada excluding territories,17.83933250685,6.22297956091777E-05
Vitamin D,Male,1-3 years,2015,Canada excluding territories,17.8785692522144,5.57888192649957E-05
Vitamin D,Male,1-3 years,2015,Canada excluding territories,17.9178059975788,4.98520976453858E-05
Vitamin D,Male,1-3 years,2015,Canada excluding territories,17.9570427429431,4.45155052125758E-05
